<?xml version = '1.0' encoding = 'UTF-8'?>
<Entity class="oracle.dbtools.crest.model.design.logical.Entity" directorySegmentName="seg_0" id="55218789-4278-0762-CAE0-147EF9542B5B" name="B&amp;TARWAYS">
<createdBy>alexa</createdBy>
<createdTime>2025-08-15 22:39:47 UTC</createdTime>
<ownerDesignName>BASE_DATOS</ownerDesignName>
<engineerTo>
<item key="CCA1EC1F-44EB-4C29-DA17-B1BC9EBEE404" value="true"/>
</engineerTo>
<adequatelyNormalized>NO</adequatelyNormalized>
<expectedVolumes>0</expectedVolumes>
<fwdEngineeringStrategyName>Single Table</fwdEngineeringStrategyName>
<growthPercent>0</growthPercent>
<growthType>Year</growthType>
<maxVolumes>9999999</maxVolumes>
<minVolumes>0</minVolumes>
<normalForm>Third</normalForm>
<attributes itemClass="oracle.dbtools.crest.model.design.logical.Attribute">
<Attribute name="RUT_EMPRESA" id="FDBE5987-6CD1-B94B-D8E6-70FCDB8251AF">
<createdBy>alexa</createdBy>
<createdTime>2025-08-15 22:40:17 UTC</createdTime>
<ownerDesignName>BASE_DATOS</ownerDesignName>
<engineerTo>
<item key="CCA1EC1F-44EB-4C29-DA17-B1BC9EBEE404" value="true"/>
</engineerTo>
<useDomainConstraints>false</useDomainConstraints>
<use>1</use>
<logicalDatatype>LOGDT024</logicalDatatype>
<dataTypeSize>15</dataTypeSize>
<ownDataTypeParameters>15,,</ownDataTypeParameters>
</Attribute>
<Attribute name="NOMBRE_EMPRESA" id="E18713DE-B90C-57AD-C5CC-1C3A991A2B87">
<createdBy>alexa</createdBy>
<createdTime>2025-08-15 22:40:46 UTC</createdTime>
<ownerDesignName>BASE_DATOS</ownerDesignName>
<engineerTo>
<item key="CCA1EC1F-44EB-4C29-DA17-B1BC9EBEE404" value="true"/>
</engineerTo>
<useDomainConstraints>false</useDomainConstraints>
<use>1</use>
<logicalDatatype>LOGDT024</logicalDatatype>
<dataTypeSize>25</dataTypeSize>
<ownDataTypeParameters>25,,</ownDataTypeParameters>
</Attribute>
<Attribute name="CANTIDAD_EMPLEADOS" id="09CE0895-F19A-1121-4D19-9A17E1B53216">
<createdBy>alexa</createdBy>
<createdTime>2025-08-15 22:41:10 UTC</createdTime>
<ownerDesignName>BASE_DATOS</ownerDesignName>
<engineerTo>
<item key="CCA1EC1F-44EB-4C29-DA17-B1BC9EBEE404" value="true"/>
</engineerTo>
<useDomainConstraints>false</useDomainConstraints>
<use>1</use>
<logicalDatatype>LOGDT019</logicalDatatype>
<dataTypePrecision>3</dataTypePrecision>
<ownDataTypeParameters>,3,</ownDataTypeParameters>
</Attribute>
</attributes>
<identifiers itemClass="oracle.dbtools.crest.model.design.logical.CandidateKey">
<identifier id="5D08B13C-8015-EBBD-2E9A-2DAB191DF477" name="B&amp;TARWAYS PK">
<createdBy>alexa</createdBy>
<createdTime>2025-08-15 22:40:18 UTC</createdTime>
<ownerDesignName>BASE_DATOS</ownerDesignName>
<engineerTo>
<item key="CCA1EC1F-44EB-4C29-DA17-B1BC9EBEE404" value="true"/>
</engineerTo>
<pk>true</pk>
<usedAttributes>
<attributeRef>FDBE5987-6CD1-B94B-D8E6-70FCDB8251AF</attributeRef>
</usedAttributes>
</identifier>
</identifiers>
</Entity>