<?xml version = '1.0' encoding = 'UTF-8'?>
<Entity class="oracle.dbtools.crest.model.design.logical.Entity" directorySegmentName="seg_0" id="5AE5EBB2-DEAD-E3AA-3A21-B01160D7A810" name="VUELO">
<createdBy>alexa</createdBy>
<createdTime>2025-08-15 22:32:25 UTC</createdTime>
<ownerDesignName>BASE_DATOS</ownerDesignName>
<engineerTo>
<item key="CCA1EC1F-44EB-4C29-DA17-B1BC9EBEE404" value="true"/>
</engineerTo>
<adequatelyNormalized>NO</adequatelyNormalized>
<expectedVolumes>0</expectedVolumes>
<fwdEngineeringStrategyName>Single Table</fwdEngineeringStrategyName>
<growthPercent>0</growthPercent>
<growthType>Year</growthType>
<maxVolumes>9999999</maxVolumes>
<minVolumes>0</minVolumes>
<normalForm>Third</normalForm>
<attributes itemClass="oracle.dbtools.crest.model.design.logical.Attribute">
<Attribute name="NUMERO_DE_VUELO" id="1F64E556-1013-93AB-0673-B3A3B078FB3D">
<createdBy>alexa</createdBy>
<createdTime>2025-08-15 22:32:32 UTC</createdTime>
<ownerDesignName>BASE_DATOS</ownerDesignName>
<engineerTo>
<item key="CCA1EC1F-44EB-4C29-DA17-B1BC9EBEE404" value="true"/>
</engineerTo>
<useDomainConstraints>false</useDomainConstraints>
<use>1</use>
<logicalDatatype>LOGDT024</logicalDatatype>
<dataTypeSize>20</dataTypeSize>
<ownDataTypeParameters>20,,</ownDataTypeParameters>
</Attribute>
<Attribute name="FECHA_DE_DESPEGUE" id="6E9DD88E-829A-4F1E-A69C-9B3AA454CB63">
<createdBy>alexa</createdBy>
<createdTime>2025-08-15 22:33:46 UTC</createdTime>
<ownerDesignName>BASE_DATOS</ownerDesignName>
<engineerTo>
<item key="CCA1EC1F-44EB-4C29-DA17-B1BC9EBEE404" value="true"/>
</engineerTo>
<useDomainConstraints>false</useDomainConstraints>
<use>1</use>
<logicalDatatype>LOGDT007</logicalDatatype>
<ownDataTypeParameters>,,</ownDataTypeParameters>
</Attribute>
<Attribute name="FECHA_LLEGADA_DESTINO" id="D7B0D06C-1C0F-75C9-6717-B76B1B6DB2B0">
<createdBy>alexa</createdBy>
<createdTime>2025-08-15 22:34:22 UTC</createdTime>
<ownerDesignName>BASE_DATOS</ownerDesignName>
<engineerTo>
<item key="CCA1EC1F-44EB-4C29-DA17-B1BC9EBEE404" value="true"/>
</engineerTo>
<useDomainConstraints>false</useDomainConstraints>
<use>1</use>
<logicalDatatype>LOGDT007</logicalDatatype>
<ownDataTypeParameters>,,</ownDataTypeParameters>
</Attribute>
<Attribute name="HORA_SALIDA" id="F0FF3481-B4A9-1C91-4B12-BDA5583C7C9B">
<createdBy>alexa</createdBy>
<createdTime>2025-08-15 22:35:39 UTC</createdTime>
<ownerDesignName>BASE_DATOS</ownerDesignName>
<engineerTo>
<item key="CCA1EC1F-44EB-4C29-DA17-B1BC9EBEE404" value="true"/>
</engineerTo>
<useDomainConstraints>false</useDomainConstraints>
<use>1</use>
<logicalDatatype>LOGDT007</logicalDatatype>
<ownDataTypeParameters>,,</ownDataTypeParameters>
</Attribute>
</attributes>
<identifiers itemClass="oracle.dbtools.crest.model.design.logical.CandidateKey">
<identifier id="C7251C52-DD9A-58BA-2360-6EF2939DC6A8" name="VUELO PK">
<createdBy>alexa</createdBy>
<createdTime>2025-08-15 22:33:31 UTC</createdTime>
<ownerDesignName>BASE_DATOS</ownerDesignName>
<engineerTo>
<item key="CCA1EC1F-44EB-4C29-DA17-B1BC9EBEE404" value="true"/>
</engineerTo>
<pk>true</pk>
<usedAttributes>
<attributeRef>1F64E556-1013-93AB-0673-B3A3B078FB3D</attributeRef>
</usedAttributes>
</identifier>
</identifiers>
</Entity>