<?xml version = '1.0' encoding = 'UTF-8'?>
<Entity class="oracle.dbtools.crest.model.design.logical.Entity" directorySegmentName="seg_0" id="5B22665C-C577-B757-5FBA-F47F5662FA24" name="EMPLEADO">
<createdBy>alexa</createdBy>
<createdTime>2025-08-15 21:54:35 UTC</createdTime>
<ownerDesignName>BASE_DATOS</ownerDesignName>
<engineerTo>
<item key="CCA1EC1F-44EB-4C29-DA17-B1BC9EBEE404" value="true"/>
</engineerTo>
<adequatelyNormalized>NO</adequatelyNormalized>
<expectedVolumes>0</expectedVolumes>
<fwdEngineeringStrategyName>Single Table</fwdEngineeringStrategyName>
<growthPercent>0</growthPercent>
<growthType>Year</growthType>
<maxVolumes>9999999</maxVolumes>
<minVolumes>0</minVolumes>
<normalForm>Third</normalForm>
<attributes itemClass="oracle.dbtools.crest.model.design.logical.Attribute">
<Attribute name="RUT" id="EFE21A95-A15B-764A-0DBB-0D7D4BBC9146">
<createdBy>alexa</createdBy>
<createdTime>2025-08-15 21:56:08 UTC</createdTime>
<ownerDesignName>BASE_DATOS</ownerDesignName>
<engineerTo>
<item key="CCA1EC1F-44EB-4C29-DA17-B1BC9EBEE404" value="true"/>
</engineerTo>
<useDomainConstraints>false</useDomainConstraints>
<use>1</use>
<logicalDatatype>LOGDT024</logicalDatatype>
<dataTypeSize>15 CHAR</dataTypeSize>
<ownDataTypeParameters>15 CHAR,,</ownDataTypeParameters>
</Attribute>
<Attribute name="NOMBRE_COMPLETO" id="9B919D4E-8F6F-7A3A-86FE-3FA2D95B8719">
<createdBy>alexa</createdBy>
<createdTime>2025-08-15 22:05:20 UTC</createdTime>
<ownerDesignName>BASE_DATOS</ownerDesignName>
<engineerTo>
<item key="CCA1EC1F-44EB-4C29-DA17-B1BC9EBEE404" value="true"/>
</engineerTo>
<useDomainConstraints>false</useDomainConstraints>
<use>1</use>
<logicalDatatype>LOGDT024</logicalDatatype>
<dataTypeSize>25 CHAR</dataTypeSize>
<ownDataTypeParameters>25 CHAR,,</ownDataTypeParameters>
</Attribute>
<Attribute name="DIRECCION" id="DE35F694-F56B-E918-3BCE-79DD3E66E83A">
<createdBy>alexa</createdBy>
<createdTime>2025-08-15 22:12:04 UTC</createdTime>
<ownerDesignName>BASE_DATOS</ownerDesignName>
<engineerTo>
<item key="CCA1EC1F-44EB-4C29-DA17-B1BC9EBEE404" value="true"/>
</engineerTo>
<useDomainConstraints>false</useDomainConstraints>
<use>1</use>
<logicalDatatype>LOGDT024</logicalDatatype>
<dataTypeSize>100 CHAR</dataTypeSize>
<ownDataTypeParameters>100 CHAR,,</ownDataTypeParameters>
</Attribute>
<Attribute name="SUELDO_BASE" id="A01A6BE2-A551-57BB-2E02-6EE272F2DC8A">
<createdBy>alexa</createdBy>
<createdTime>2025-08-15 22:12:46 UTC</createdTime>
<ownerDesignName>BASE_DATOS</ownerDesignName>
<engineerTo>
<item key="CCA1EC1F-44EB-4C29-DA17-B1BC9EBEE404" value="true"/>
</engineerTo>
<useDomainConstraints>false</useDomainConstraints>
<use>1</use>
<logicalDatatype>LOGDT019</logicalDatatype>
<dataTypePrecision>10</dataTypePrecision>
<dataTypeScale>2</dataTypeScale>
<ownDataTypeParameters>,10,2</ownDataTypeParameters>
</Attribute>
<Attribute name="FECHA_INGRESO" id="CAD1E485-6A76-63FA-C3EF-92F8ED911960">
<createdBy>alexa</createdBy>
<createdTime>2025-08-15 22:13:29 UTC</createdTime>
<ownerDesignName>BASE_DATOS</ownerDesignName>
<engineerTo>
<item key="CCA1EC1F-44EB-4C29-DA17-B1BC9EBEE404" value="true"/>
</engineerTo>
<useDomainConstraints>false</useDomainConstraints>
<use>1</use>
<logicalDatatype>LOGDT007</logicalDatatype>
<ownDataTypeParameters>,,</ownDataTypeParameters>
</Attribute>
<Attribute name="GENERO" id="BE558315-4F9B-F640-FF2B-75CCEBE70A07">
<createdBy>alexa</createdBy>
<createdTime>2025-08-15 22:17:58 UTC</createdTime>
<ownerDesignName>BASE_DATOS</ownerDesignName>
<engineerTo>
<item key="CCA1EC1F-44EB-4C29-DA17-B1BC9EBEE404" value="true"/>
</engineerTo>
<useDomainConstraints>false</useDomainConstraints>
<use>1</use>
<logicalDatatype>LOGDT024</logicalDatatype>
<dataTypeSize>15 CHAR</dataTypeSize>
<ownDataTypeParameters>15 CHAR,,</ownDataTypeParameters>
</Attribute>
<Attribute name="FONO" id="9E587E76-959C-9E77-EC13-F39E13B9C1C1">
<createdBy>alexa</createdBy>
<createdTime>2025-08-15 22:20:49 UTC</createdTime>
<ownerDesignName>BASE_DATOS</ownerDesignName>
<engineerTo>
<item key="CCA1EC1F-44EB-4C29-DA17-B1BC9EBEE404" value="true"/>
</engineerTo>
<nullsAllowed>true</nullsAllowed>
<useDomainConstraints>false</useDomainConstraints>
<use>1</use>
<logicalDatatype>LOGDT024</logicalDatatype>
<dataTypeSize>25</dataTypeSize>
<ownDataTypeParameters>25,,</ownDataTypeParameters>
</Attribute>
<Attribute name="RUT_EMPRESA" id="E33AF897-C4D3-077F-CFEB-7B8540FCFE62">
<createdBy>alexa</createdBy>
<createdTime>2025-08-15 22:51:10 UTC</createdTime>
<generatorID>33AEB747-8121-48FE-650D-D7053A6AE89D</generatorID>
<ownerDesignName>BASE_DATOS</ownerDesignName>
<engineerTo>
<item key="CCA1EC1F-44EB-4C29-DA17-B1BC9EBEE404" value="true"/>
</engineerTo>
<referedAttribute>FDBE5987-6CD1-B94B-D8E6-70FCDB8251AF</referedAttribute>
<useDomainConstraints>false</useDomainConstraints>
<use>1</use>
<logicalDatatype>LOGDT024</logicalDatatype>
<dataTypeSize>15</dataTypeSize>
<ownDataTypeParameters>,,</ownDataTypeParameters>
</Attribute>
</attributes>
<identifiers itemClass="oracle.dbtools.crest.model.design.logical.CandidateKey">
<identifier id="E80E3EFA-B9C1-9D7F-DB1C-F7EA27444AAD" name="EMPLEADO PK">
<createdBy>alexa</createdBy>
<createdTime>2025-08-15 21:57:13 UTC</createdTime>
<ownerDesignName>BASE_DATOS</ownerDesignName>
<engineerTo>
<item key="CCA1EC1F-44EB-4C29-DA17-B1BC9EBEE404" value="true"/>
</engineerTo>
<pk>true</pk>
<usedAttributes>
<attributeRef>EFE21A95-A15B-764A-0DBB-0D7D4BBC9146</attributeRef>
</usedAttributes>
</identifier>
</identifiers>
</Entity>