<?xml version = '1.0' encoding = 'UTF-8'?>
<FKIndexAssociation class="oracle.dbtools.crest.model.design.relational.FKIndexAssociation" directorySegmentName="seg_0" id="02E9C776-0B45-18CE-22F3-D76A1EE9BE1B" containerWithKeyObject="5A5F5464-1E81-F6B8-4185-4DE496D54414" localFKIndex="BC8575CE-5D39-BBFA-1507-87B1D43D7E65" name="MED_ESPECIALIDAD_FK">
<createdBy>alexa</createdBy>
<createdTime>2025-09-15 21:58:25 UTC</createdTime>
<generatorID>46659A5B-C62E-7391-0503-6587C33E0326</generatorID>
<ownerDesignName>Gestion_Inventario</ownerDesignName>
<referredTableLongName>ESPECIALIDAD</referredTableLongName>
<deleteRule>NO ACTION</deleteRule>
<referredTableID>72C08D3B-7191-D58D-FAB6-25C6E9415B33</referredTableID>
<keyObject>5636F3F3-7040-A721-182D-8E3B12A3F396</keyObject>
<referredKeyID>5636F3F3-7040-A721-182D-8E3B12A3F396</referredKeyID>
<mandatory>true</mandatory>
<refColNames>id_especialidad</refColNames>
<transferable>true</transferable>
<rely>false</rely>
<columnDependencyConstraintGenerateInDDL>true</columnDependencyConstraintGenerateInDDL>
</FKIndexAssociation>