<?xml version = '1.0' encoding = 'UTF-8'?>
<FKIndexAssociation class="oracle.dbtools.crest.model.design.relational.FKIndexAssociation" directorySegmentName="seg_0" id="0C6BA0B1-C51B-5739-E971-BF4A15704D1F" containerWithKeyObject="A180BD3E-3ABA-D492-3CBB-86683969C338" localFKIndex="EB1D4856-D3CE-1096-4469-FA5042273B08" name="PACIENTE_COMUNA_FK">
<createdBy>alexa</createdBy>
<createdTime>2025-09-15 21:58:25 UTC</createdTime>
<generatorID>6A1315AF-CBD5-46F7-9BBB-1F402C6E719D</generatorID>
<ownerDesignName>Gestion_Inventario</ownerDesignName>
<referredTableLongName>COMUNA</referredTableLongName>
<deleteRule>NO ACTION</deleteRule>
<referredTableID>90E190AD-3F09-39A8-6C33-209F7D5ACA0B</referredTableID>
<keyObject>3959120B-7B95-173D-3123-4549AB95702F</keyObject>
<referredKeyID>3959120B-7B95-173D-3123-4549AB95702F</referredKeyID>
<mandatory>true</mandatory>
<refColNames>id_comuna</refColNames>
<transferable>true</transferable>
<rely>false</rely>
<columnDependencyConstraintGenerateInDDL>true</columnDependencyConstraintGenerateInDDL>
</FKIndexAssociation>