<?xml version = '1.0' encoding = 'UTF-8'?>
<FKIndexAssociation class="oracle.dbtools.crest.model.design.relational.FKIndexAssociation" directorySegmentName="seg_0" id="1BF8ADFB-C4B5-8D9E-B598-BFAC2DDD41A0" containerWithKeyObject="700EDA24-E6FE-830E-9A41-D420EFEB0835" localFKIndex="3A53CC13-0491-4A27-1ACE-0832CEAF2373" name="ESTUDIANTE_PACIENTE_FK">
<createdBy>alexa</createdBy>
<createdTime>2025-09-15 21:58:25 UTC</createdTime>
<generatorID>782972DA-1A45-246D-C361-FCD078B32B8F</generatorID>
<ownerDesignName>Gestion_Inventario</ownerDesignName>
<referredTableLongName>PACIENTE</referredTableLongName>
<deleteRule>NO ACTION</deleteRule>
<referredTableID>A180BD3E-3ABA-D492-3CBB-86683969C338</referredTableID>
<keyObject>413B8D67-2726-CCC2-58CA-D60F0022D77B</keyObject>
<referredKeyID>413B8D67-2726-CCC2-58CA-D60F0022D77B</referredKeyID>
<mandatory>true</mandatory>
<refColNames>rut</refColNames>
<transferable>true</transferable>
<rely>false</rely>
<columnDependencyConstraintGenerateInDDL>true</columnDependencyConstraintGenerateInDDL>
</FKIndexAssociation>