<?xml version = '1.0' encoding = 'UTF-8'?>
<FKIndexAssociation class="oracle.dbtools.crest.model.design.relational.FKIndexAssociation" directorySegmentName="seg_0" id="2F3E7A75-F63C-FC5B-81D6-96C31AFEEDBA" containerWithKeyObject="1C9457D1-E3B4-E247-2CAD-EA0B8F59E716" localFKIndex="06391044-99E9-5C9E-C5E6-3E73BA5CA1B3" name="ATEN_MED_MÉDICO_FK">
<createdBy>alexa</createdBy>
<createdTime>2025-09-15 21:58:25 UTC</createdTime>
<generatorID>B416F2C4-DF3E-7206-6048-AD4E00649B86</generatorID>
<ownerDesignName>Gestion_Inventario</ownerDesignName>
<referredTableLongName>MÉDICO</referredTableLongName>
<deleteRule>NO ACTION</deleteRule>
<referredTableID>5A5F5464-1E81-F6B8-4185-4DE496D54414</referredTableID>
<keyObject>D780C7FA-8AB3-9683-4521-306B07545006</keyObject>
<referredKeyID>D780C7FA-8AB3-9683-4521-306B07545006</referredKeyID>
<mandatory>true</mandatory>
<refColNames>rut,AFP_id_afp,ESPECIALIDAD_id_especialidad</refColNames>
<transferable>true</transferable>
<rely>false</rely>
<columnDependencyConstraintGenerateInDDL>true</columnDependencyConstraintGenerateInDDL>
</FKIndexAssociation>