<?xml version = '1.0' encoding = 'UTF-8'?>
<FKIndexAssociation class="oracle.dbtools.crest.model.design.relational.FKIndexAssociation" directorySegmentName="seg_0" id="3A3A6D57-E965-0D3E-9D07-25ED8F776B1B" containerWithKeyObject="5A5F5464-1E81-F6B8-4185-4DE496D54414" localFKIndex="FE968746-AC65-4ADA-842D-7DF7F75D0AE9" name="MED_AFP_FK">
<createdBy>alexa</createdBy>
<createdTime>2025-09-15 21:58:25 UTC</createdTime>
<generatorID>06CEE784-B30C-6124-4B64-FA7D4AB9B9C5</generatorID>
<ownerDesignName>Gestion_Inventario</ownerDesignName>
<referredTableLongName>AFP</referredTableLongName>
<deleteRule>NO ACTION</deleteRule>
<referredTableID>E8B52B33-A35B-6693-8397-CA1E18B2A0E8</referredTableID>
<keyObject>201EFE93-3D52-C76A-1217-B19194A579E3</keyObject>
<referredKeyID>201EFE93-3D52-C76A-1217-B19194A579E3</referredKeyID>
<mandatory>true</mandatory>
<refColNames>id_afp</refColNames>
<transferable>true</transferable>
<rely>false</rely>
<columnDependencyConstraintGenerateInDDL>true</columnDependencyConstraintGenerateInDDL>
</FKIndexAssociation>