<?xml version = '1.0' encoding = 'UTF-8'?>
<FKIndexAssociation class="oracle.dbtools.crest.model.design.relational.FKIndexAssociation" directorySegmentName="seg_0" id="636AA470-1A30-613B-B790-920832CA52FD" containerWithKeyObject="7F9EDC6F-B3A3-A0D5-3429-3B5FC49E7544" localFKIndex="4207D665-5D03-A887-F62D-3FD8404D9D6A" name="PAG_ATEN_ATEN_MED_FK">
<createdBy>alexa</createdBy>
<createdTime>2025-09-15 21:58:25 UTC</createdTime>
<generatorID>0E899F97-8D8E-150A-8E07-D627BB5A74C2</generatorID>
<ownerDesignName>Gestion_Inventario</ownerDesignName>
<referredTableLongName>ATENCIÓN_MÉDICA</referredTableLongName>
<deleteRule>NO ACTION</deleteRule>
<referredTableID>1C9457D1-E3B4-E247-2CAD-EA0B8F59E716</referredTableID>
<keyObject>3D546DC9-0622-D099-A75C-B6DBC58E8778</keyObject>
<referredKeyID>3D546DC9-0622-D099-A75C-B6DBC58E8778</referredKeyID>
<mandatory>true</mandatory>
<refColNames>folio</refColNames>
<transferable>true</transferable>
<rely>false</rely>
<columnDependencyConstraintGenerateInDDL>true</columnDependencyConstraintGenerateInDDL>
</FKIndexAssociation>