<?xml version = '1.0' encoding = 'UTF-8'?>
<FKIndexAssociation class="oracle.dbtools.crest.model.design.relational.FKIndexAssociation" directorySegmentName="seg_0" id="671BD690-DE27-4789-1824-10F10E5575E0" containerWithKeyObject="3979BE4E-9CB5-8E14-6CB3-6CF59A396B9B" localFKIndex="2388769B-56C3-0DE0-FEB2-F6E1A6DCDF13" name="FUNCIONARIO_PACIENTE_FK">
<createdBy>alexa</createdBy>
<createdTime>2025-09-15 21:58:25 UTC</createdTime>
<generatorID>13DE9058-13D7-3729-5218-E0D3859DFA18</generatorID>
<ownerDesignName>Gestion_Inventario</ownerDesignName>
<referredTableLongName>PACIENTE</referredTableLongName>
<deleteRule>NO ACTION</deleteRule>
<referredTableID>A180BD3E-3ABA-D492-3CBB-86683969C338</referredTableID>
<keyObject>413B8D67-2726-CCC2-58CA-D60F0022D77B</keyObject>
<referredKeyID>413B8D67-2726-CCC2-58CA-D60F0022D77B</referredKeyID>
<mandatory>true</mandatory>
<refColNames>rut</refColNames>
<transferable>true</transferable>
<rely>false</rely>
<columnDependencyConstraintGenerateInDDL>true</columnDependencyConstraintGenerateInDDL>
</FKIndexAssociation>