<?xml version = '1.0' encoding = 'UTF-8'?>
<FKIndexAssociation class="oracle.dbtools.crest.model.design.relational.FKIndexAssociation" directorySegmentName="seg_0" id="69E69830-CBD3-6C28-02A7-91C0C8BCA1B5" containerWithKeyObject="1C9457D1-E3B4-E247-2CAD-EA0B8F59E716" localFKIndex="1A64C817-55BC-B411-67D1-F512EC350D2E" name="ATEN_MED_PACIENTE_FK">
<createdBy>alexa</createdBy>
<createdTime>2025-09-15 21:58:25 UTC</createdTime>
<generatorID>A59A3023-8FCF-327A-D68E-CCDDDA02860E</generatorID>
<ownerDesignName>Gestion_Inventario</ownerDesignName>
<referredTableLongName>PACIENTE</referredTableLongName>
<deleteRule>NO ACTION</deleteRule>
<referredTableID>A180BD3E-3ABA-D492-3CBB-86683969C338</referredTableID>
<keyObject>413B8D67-2726-CCC2-58CA-D60F0022D77B</keyObject>
<referredKeyID>413B8D67-2726-CCC2-58CA-D60F0022D77B</referredKeyID>
<mandatory>true</mandatory>
<refColNames>rut</refColNames>
<transferable>true</transferable>
<rely>false</rely>
<columnDependencyConstraintGenerateInDDL>true</columnDependencyConstraintGenerateInDDL>
</FKIndexAssociation>