<?xml version = '1.0' encoding = 'UTF-8'?>
<FKIndexAssociation class="oracle.dbtools.crest.model.design.relational.FKIndexAssociation" directorySegmentName="seg_0" id="8F7102FC-124C-4665-E303-24CB7322DDE2" containerWithKeyObject="1C9457D1-E3B4-E247-2CAD-EA0B8F59E716" localFKIndex="1BFB43B7-6B44-FD92-6EDA-DAF467DA5F76" name="ATEN_MED_PAG_ATENCIÓN_FK">
<createdBy>alexa</createdBy>
<createdTime>2025-09-15 21:58:25 UTC</createdTime>
<generatorID>0E899F97-8D8E-150A-8E07-D627BB5A74C2</generatorID>
<ownerDesignName>Gestion_Inventario</ownerDesignName>
<referredTableLongName>PAGO_ATENCIÓN</referredTableLongName>
<deleteRule>NO ACTION</deleteRule>
<referredTableID>7F9EDC6F-B3A3-A0D5-3429-3B5FC49E7544</referredTableID>
<keyObject>6DD7542A-6698-7B95-2810-C06150AD9D95</keyObject>
<referredKeyID>6DD7542A-6698-7B95-2810-C06150AD9D95</referredKeyID>
<mandatory>true</mandatory>
<refColNames>id_pago</refColNames>
<transferable>true</transferable>
<rely>false</rely>
<columnDependencyConstraintGenerateInDDL>true</columnDependencyConstraintGenerateInDDL>
</FKIndexAssociation>