<?xml version = '1.0' encoding = 'UTF-8'?>
<FKIndexAssociation class="oracle.dbtools.crest.model.design.relational.FKIndexAssociation" directorySegmentName="seg_0" id="AD246FD5-4CC3-F092-891E-486DD572CB99" containerWithKeyObject="90E190AD-3F09-39A8-6C33-209F7D5ACA0B" localFKIndex="26EB53C1-9BD9-57B4-4E9C-CF77FBDD4DA5" name="COMUNA_REGION_FK">
<createdBy>alexa</createdBy>
<createdTime>2025-09-15 21:58:25 UTC</createdTime>
<generatorID>D0AF0AD1-DF5B-FE46-A936-FD373D763697</generatorID>
<ownerDesignName>Gestion_Inventario</ownerDesignName>
<referredTableLongName>REGION</referredTableLongName>
<deleteRule>NO ACTION</deleteRule>
<referredTableID>6A4A27CA-394F-6560-2055-449DA99DBF3A</referredTableID>
<keyObject>F03FD676-8ACB-1F08-22AC-2D3703DE828F</keyObject>
<referredKeyID>F03FD676-8ACB-1F08-22AC-2D3703DE828F</referredKeyID>
<mandatory>true</mandatory>
<refColNames>id_región</refColNames>
<transferable>true</transferable>
<rely>false</rely>
<columnDependencyConstraintGenerateInDDL>true</columnDependencyConstraintGenerateInDDL>
</FKIndexAssociation>