<?xml version = '1.0' encoding = 'UTF-8'?>
<FKIndexAssociation class="oracle.dbtools.crest.model.design.relational.FKIndexAssociation" directorySegmentName="seg_0" id="B0999C17-1B87-8793-9B95-45367CF34F15" containerWithKeyObject="5A5F5464-1E81-F6B8-4185-4DE496D54414" localFKIndex="DAAF5E69-57FF-7C97-B587-21064C617A4F" name="MED_INST_SALUD_FK">
<createdBy>alexa</createdBy>
<createdTime>2025-09-15 21:58:25 UTC</createdTime>
<generatorID>955C9BC8-A76C-DD0A-CEAA-AC94D06235C3</generatorID>
<ownerDesignName>Gestion_Inventario</ownerDesignName>
<referredTableLongName>INSTITUCIÓN_SALUD</referredTableLongName>
<deleteRule>NO ACTION</deleteRule>
<referredTableID>7D37B8F7-FBFA-7DD3-2379-C3A3F71176CE</referredTableID>
<keyObject>7A143B84-C5EF-E3B3-38F0-B72CF8EE9FE0</keyObject>
<referredKeyID>7A143B84-C5EF-E3B3-38F0-B72CF8EE9FE0</referredKeyID>
<mandatory>true</mandatory>
<refColNames>id_institución</refColNames>
<transferable>true</transferable>
<rely>false</rely>
<columnDependencyConstraintGenerateInDDL>true</columnDependencyConstraintGenerateInDDL>
</FKIndexAssociation>