<?xml version = '1.0' encoding = 'UTF-8'?>
<Relation class="oracle.dbtools.crest.model.design.logical.InheritanceRelation" name="Hierarchy_2" directorySegmentName="seg_0" id="054F1F8B-C0F1-E0AE-2E3D-5CF0883AC1D0">
<createdBy>alexa</createdBy>
<createdTime>2025-08-30 01:57:05 UTC</createdTime>
<ownerDesignName>Residencias_VivirMejor</ownerDesignName>
<engineerTo>
<item key="0B8FA52E-632E-6058-641F-78150DD3745A" value="true"/>
</engineerTo>
<arc>ECFBCFF3-3A52-DF3E-07B1-CEB6CC4A66CC</arc>
<identifying>false</identifying>
<nameOnSource>Super Type</nameOnSource>
<nameOnTarget>Sub Type</nameOnTarget>
<optionalSource>true</optionalSource>
<optionalTarget>true</optionalTarget>
<sourceEntity>A8F5CDCE-9F65-C9F2-549C-2FF7A1BB77E6</sourceEntity>
<targetEntity>74D02B70-D092-735E-9C91-0231B3A7A221</targetEntity>
<transferable>true</transferable>
<deleteRule>NO ACTION</deleteRule>
</Relation>