<?xml version = '1.0' encoding = 'UTF-8'?>
<Relation class="oracle.dbtools.crest.model.design.logical.InheritanceRelation" name="Hierarchy_1" directorySegmentName="seg_0" id="18CFC38E-B7F4-6A44-9122-E17DD859445E">
<createdBy>alexa</createdBy>
<createdTime>2025-08-30 01:54:02 UTC</createdTime>
<ownerDesignName>Residencias_VivirMejor</ownerDesignName>
<engineerTo>
<item key="0B8FA52E-632E-6058-641F-78150DD3745A" value="true"/>
</engineerTo>
<arc>ECFBCFF3-3A52-DF3E-07B1-CEB6CC4A66CC</arc>
<identifying>false</identifying>
<nameOnSource>Super Type</nameOnSource>
<nameOnTarget>Sub Type</nameOnTarget>
<optionalSource>true</optionalSource>
<optionalTarget>true</optionalTarget>
<sourceEntity>A8F5CDCE-9F65-C9F2-549C-2FF7A1BB77E6</sourceEntity>
<targetEntity>167A7A80-84DA-3C1A-DE6C-8238F61E6521</targetEntity>
<transferable>true</transferable>
<deleteRule>NO ACTION</deleteRule>
</Relation>