<?xml version = '1.0' encoding = 'UTF-8'?>
<Relation class="oracle.dbtools.crest.model.design.logical.InheritanceRelation" name="Hierarchy_3" directorySegmentName="seg_0" id="66CEB6B9-C5BF-4464-2AB6-ED78E319C942">
<createdBy>alexa</createdBy>
<createdTime>2025-08-30 03:21:26 UTC</createdTime>
<ownerDesignName>Residencias_VivirMejor</ownerDesignName>
<engineerTo>
<item key="0B8FA52E-632E-6058-641F-78150DD3745A" value="true"/>
</engineerTo>
<arc>694B714C-2DDD-E1A8-150B-0E6CA149670D</arc>
<identifying>false</identifying>
<nameOnSource>Super Type</nameOnSource>
<nameOnTarget>Sub Type</nameOnTarget>
<optionalSource>true</optionalSource>
<optionalTarget>true</optionalTarget>
<sourceEntity>CFFA1535-A9C0-C57B-F3A4-23753D423738</sourceEntity>
<targetEntity>8BFF9C31-A4A7-D512-A057-012B59806F55</targetEntity>
<transferable>true</transferable>
<deleteRule>NO ACTION</deleteRule>
</Relation>