<?xml version = '1.0' encoding = 'UTF-8'?>
<Relation class="oracle.dbtools.crest.model.design.logical.InheritanceRelation" name="Hierarchy_4" directorySegmentName="seg_0" id="CF2BA7FE-B118-9FBC-AE0F-0FB2246AABE5">
<createdBy>alexa</createdBy>
<createdTime>2025-08-30 03:22:41 UTC</createdTime>
<ownerDesignName>Residencias_VivirMejor</ownerDesignName>
<engineerTo>
<item key="0B8FA52E-632E-6058-641F-78150DD3745A" value="true"/>
</engineerTo>
<arc>694B714C-2DDD-E1A8-150B-0E6CA149670D</arc>
<identifying>false</identifying>
<nameOnSource>Super Type</nameOnSource>
<nameOnTarget>Sub Type</nameOnTarget>
<optionalSource>true</optionalSource>
<optionalTarget>true</optionalTarget>
<sourceEntity>CFFA1535-A9C0-C57B-F3A4-23753D423738</sourceEntity>
<targetEntity>A6CFD6D4-E18B-45CF-2163-4CD8668AF432</targetEntity>
<transferable>true</transferable>
<deleteRule>NO ACTION</deleteRule>
</Relation>