<?xml version = '1.0' encoding = 'UTF-8'?>
<Entity class="oracle.dbtools.crest.model.design.logical.Entity" directorySegmentName="seg_0" id="270E471F-B109-DB18-9F0A-46D9BED79704" name="MÉDICO">
<createdBy>alexa</createdBy>
<createdTime>2025-09-13 02:39:42 UTC</createdTime>
<ownerDesignName>Gestion_Inventario</ownerDesignName>
<engineerTo>
<item key="390ED41D-D893-04B2-F921-1E8F740A738B" value="true"/>
</engineerTo>
<adequatelyNormalized>NO</adequatelyNormalized>
<expectedVolumes>0</expectedVolumes>
<fwdEngineeringStrategyName>Single Table</fwdEngineeringStrategyName>
<growthPercent>0</growthPercent>
<growthType>Year</growthType>
<maxVolumes>9999999</maxVolumes>
<minVolumes>0</minVolumes>
<normalForm>Third</normalForm>
<attributes itemClass="oracle.dbtools.crest.model.design.logical.Attribute">
<Attribute name="rut" id="88DD6F0A-66B7-B73A-C7A6-A61369A807A6">
<createdBy>alexa</createdBy>
<createdTime>2025-09-13 02:39:52 UTC</createdTime>
<ownerDesignName>Gestion_Inventario</ownerDesignName>
<engineerTo>
<item key="390ED41D-D893-04B2-F921-1E8F740A738B" value="true"/>
</engineerTo>
<useDomainConstraints>false</useDomainConstraints>
<use>1</use>
<logicalDatatype>LOGDT024</logicalDatatype>
<dataTypeSize>15 CHAR</dataTypeSize>
<ownDataTypeParameters>15 CHAR,,</ownDataTypeParameters>
</Attribute>
<Attribute name="nombre_completo" id="46094B88-ED81-4751-A3FC-4D4E642D3B32">
<createdBy>alexa</createdBy>
<createdTime>2025-09-13 02:40:14 UTC</createdTime>
<ownerDesignName>Gestion_Inventario</ownerDesignName>
<engineerTo>
<item key="390ED41D-D893-04B2-F921-1E8F740A738B" value="true"/>
</engineerTo>
<useDomainConstraints>false</useDomainConstraints>
<use>1</use>
<logicalDatatype>LOGDT024</logicalDatatype>
<dataTypeSize>50 CHAR</dataTypeSize>
<ownDataTypeParameters>50 CHAR,,</ownDataTypeParameters>
</Attribute>
<Attribute name="fecha_ingreso" id="9791DC2E-2B4D-9D23-5DFC-22E8376786F1">
<createdBy>alexa</createdBy>
<createdTime>2025-09-13 02:41:14 UTC</createdTime>
<ownerDesignName>Gestion_Inventario</ownerDesignName>
<engineerTo>
<item key="390ED41D-D893-04B2-F921-1E8F740A738B" value="true"/>
</engineerTo>
<useDomainConstraints>false</useDomainConstraints>
<use>1</use>
<logicalDatatype>LOGDT007</logicalDatatype>
<ownDataTypeParameters>,,</ownDataTypeParameters>
</Attribute>
<Attribute name="id_institución" id="FBB32B8F-E8FF-F91C-0741-E258B060F9F1">
<createdBy>alexa</createdBy>
<createdTime>2025-09-14 17:32:52 UTC</createdTime>
<generatorID>955C9BC8-A76C-DD0A-CEAA-AC94D06235C3</generatorID>
<ownerDesignName>Gestion_Inventario</ownerDesignName>
<engineerTo>
<item key="390ED41D-D893-04B2-F921-1E8F740A738B" value="true"/>
</engineerTo>
<referedAttribute>2A4AB286-EDFE-4257-653E-293249F8F244</referedAttribute>
<use>1</use>
<logicalDatatype>LOGDT019</logicalDatatype>
<dataTypePrecision>10</dataTypePrecision>
<ownDataTypeParameters>,,</ownDataTypeParameters>
</Attribute>
<Attribute name="id_afp" id="7FFDA12B-70DA-CD0F-5760-210065736900">
<createdBy>alexa</createdBy>
<createdTime>2025-09-14 17:33:18 UTC</createdTime>
<generatorID>06CEE784-B30C-6124-4B64-FA7D4AB9B9C5</generatorID>
<ownerDesignName>Gestion_Inventario</ownerDesignName>
<engineerTo>
<item key="390ED41D-D893-04B2-F921-1E8F740A738B" value="true"/>
</engineerTo>
<referedAttribute>85BD14FB-47C6-4539-0874-BAAECE1855C2</referedAttribute>
<useDomainConstraints>false</useDomainConstraints>
<use>1</use>
<logicalDatatype>LOGDT019</logicalDatatype>
<dataTypePrecision>8</dataTypePrecision>
<ownDataTypeParameters>,,</ownDataTypeParameters>
</Attribute>
<Attribute name="id_especialidad" id="3CA1E791-DDCB-2021-AD39-4494C330287B">
<createdBy>alexa</createdBy>
<createdTime>2025-09-14 17:48:49 UTC</createdTime>
<generatorID>46659A5B-C62E-7391-0503-6587C33E0326</generatorID>
<ownerDesignName>Gestion_Inventario</ownerDesignName>
<engineerTo>
<item key="390ED41D-D893-04B2-F921-1E8F740A738B" value="true"/>
</engineerTo>
<referedAttribute>A5A14E02-E403-84D0-C723-63386D2BE8FA</referedAttribute>
<useDomainConstraints>false</useDomainConstraints>
<use>1</use>
<logicalDatatype>LOGDT007</logicalDatatype>
<ownDataTypeParameters>,,</ownDataTypeParameters>
</Attribute>
</attributes>
<identifiers itemClass="oracle.dbtools.crest.model.design.logical.CandidateKey">
<identifier id="918DC90B-82FC-ADAB-E137-9F05E3C05A71" name="MÉDICO PK">
<createdBy>alexa</createdBy>
<createdTime>2025-09-13 02:39:57 UTC</createdTime>
<ownerDesignName>Gestion_Inventario</ownerDesignName>
<engineerTo>
<item key="390ED41D-D893-04B2-F921-1E8F740A738B" value="true"/>
</engineerTo>
<pk>true</pk>
<usedAttributes>
<attributeRef>88DD6F0A-66B7-B73A-C7A6-A61369A807A6</attributeRef>
<attributeRef>7FFDA12B-70DA-CD0F-5760-210065736900</attributeRef>
<attributeRef>3CA1E791-DDCB-2021-AD39-4494C330287B</attributeRef>
</usedAttributes>
</identifier>
</identifiers>
</Entity>