<?xml version = '1.0' encoding = 'UTF-8'?>
<Entity class="oracle.dbtools.crest.model.design.logical.Entity" directorySegmentName="seg_0" id="7C924EAF-E09B-33B6-BD19-204C918FA019" name="AFP">
<createdBy>alexa</createdBy>
<createdTime>2025-09-14 17:14:21 UTC</createdTime>
<ownerDesignName>Gestion_Inventario</ownerDesignName>
<engineerTo>
<item key="390ED41D-D893-04B2-F921-1E8F740A738B" value="true"/>
</engineerTo>
<adequatelyNormalized>NO</adequatelyNormalized>
<expectedVolumes>0</expectedVolumes>
<fwdEngineeringStrategyName>Single Table</fwdEngineeringStrategyName>
<growthPercent>0</growthPercent>
<growthType>Year</growthType>
<maxVolumes>9999999</maxVolumes>
<minVolumes>0</minVolumes>
<normalForm>Third</normalForm>
<attributes itemClass="oracle.dbtools.crest.model.design.logical.Attribute">
<Attribute name="id_afp" id="85BD14FB-47C6-4539-0874-BAAECE1855C2">
<createdBy>alexa</createdBy>
<createdTime>2025-09-14 17:14:28 UTC</createdTime>
<ownerDesignName>Gestion_Inventario</ownerDesignName>
<engineerTo>
<item key="390ED41D-D893-04B2-F921-1E8F740A738B" value="true"/>
</engineerTo>
<useDomainConstraints>false</useDomainConstraints>
<use>1</use>
<logicalDatatype>LOGDT019</logicalDatatype>
<dataTypePrecision>8</dataTypePrecision>
<ownDataTypeParameters>,8,</ownDataTypeParameters>
</Attribute>
<Attribute name="nombre" id="173C6ECB-9A99-98C7-9F2D-7406C306A49E">
<createdBy>alexa</createdBy>
<createdTime>2025-09-14 17:14:56 UTC</createdTime>
<ownerDesignName>Gestion_Inventario</ownerDesignName>
<engineerTo>
<item key="390ED41D-D893-04B2-F921-1E8F740A738B" value="true"/>
</engineerTo>
<useDomainConstraints>false</useDomainConstraints>
<use>1</use>
<logicalDatatype>LOGDT024</logicalDatatype>
<dataTypeSize>50 CHAR</dataTypeSize>
<ownDataTypeParameters>50 CHAR,,</ownDataTypeParameters>
</Attribute>
</attributes>
<identifiers itemClass="oracle.dbtools.crest.model.design.logical.CandidateKey">
<identifier id="9F0C1485-F8A3-A2E0-D2B6-B191821EA46D" name="AFP PK">
<createdBy>alexa</createdBy>
<createdTime>2025-09-14 17:14:55 UTC</createdTime>
<ownerDesignName>Gestion_Inventario</ownerDesignName>
<engineerTo>
<item key="390ED41D-D893-04B2-F921-1E8F740A738B" value="true"/>
</engineerTo>
<pk>true</pk>
<usedAttributes>
<attributeRef>85BD14FB-47C6-4539-0874-BAAECE1855C2</attributeRef>
</usedAttributes>
</identifier>
</identifiers>
</Entity>