<?xml version = '1.0' encoding = 'UTF-8'?>
<Entity class="oracle.dbtools.crest.model.design.logical.Entity" directorySegmentName="seg_0" id="A743E8A8-E1E5-78D4-ACD3-66E3F5E2A924" name="COMUNA">
<createdBy>alexa</createdBy>
<createdTime>2025-09-13 02:46:14 UTC</createdTime>
<ownerDesignName>Gestion_Inventario</ownerDesignName>
<engineerTo>
<item key="390ED41D-D893-04B2-F921-1E8F740A738B" value="true"/>
</engineerTo>
<adequatelyNormalized>NO</adequatelyNormalized>
<expectedVolumes>0</expectedVolumes>
<fwdEngineeringStrategyName>Single Table</fwdEngineeringStrategyName>
<growthPercent>0</growthPercent>
<growthType>Year</growthType>
<maxVolumes>9999999</maxVolumes>
<minVolumes>0</minVolumes>
<normalForm>Third</normalForm>
<attributes itemClass="oracle.dbtools.crest.model.design.logical.Attribute">
<Attribute name="id_comuna" id="2B7A88D7-4147-A79C-B6BA-323A359232C0">
<createdBy>alexa</createdBy>
<createdTime>2025-09-13 02:46:21 UTC</createdTime>
<ownerDesignName>Gestion_Inventario</ownerDesignName>
<engineerTo>
<item key="390ED41D-D893-04B2-F921-1E8F740A738B" value="true"/>
</engineerTo>
<useDomainConstraints>false</useDomainConstraints>
<use>1</use>
<logicalDatatype>LOGDT019</logicalDatatype>
<dataTypePrecision>10</dataTypePrecision>
<ownDataTypeParameters>,10,</ownDataTypeParameters>
</Attribute>
<Attribute name="id_región" id="C380330E-F28B-B5D7-C179-1952B9F3358A">
<createdBy>alexa</createdBy>
<createdTime>2025-09-14 17:41:17 UTC</createdTime>
<generatorID>D0AF0AD1-DF5B-FE46-A936-FD373D763697</generatorID>
<ownerDesignName>Gestion_Inventario</ownerDesignName>
<engineerTo>
<item key="390ED41D-D893-04B2-F921-1E8F740A738B" value="true"/>
</engineerTo>
<referedAttribute>4B2027FA-0144-4C29-496D-0E4393EBE94E</referedAttribute>
<useDomainConstraints>false</useDomainConstraints>
<use>1</use>
<logicalDatatype>LOGDT024</logicalDatatype>
<dataTypeSize>50</dataTypeSize>
<ownDataTypeParameters>,,</ownDataTypeParameters>
</Attribute>
</attributes>
<identifiers itemClass="oracle.dbtools.crest.model.design.logical.CandidateKey">
<identifier id="0C3FFC8A-0FEA-9B4B-2E77-0D2409161CD3" name="COMUNA PK">
<createdBy>alexa</createdBy>
<createdTime>2025-09-13 02:48:30 UTC</createdTime>
<ownerDesignName>Gestion_Inventario</ownerDesignName>
<engineerTo>
<item key="390ED41D-D893-04B2-F921-1E8F740A738B" value="true"/>
</engineerTo>
<pk>true</pk>
<usedAttributes>
<attributeRef>2B7A88D7-4147-A79C-B6BA-323A359232C0</attributeRef>
</usedAttributes>
</identifier>
</identifiers>
</Entity>