<?xml version = '1.0' encoding = 'UTF-8'?>
<Entity class="oracle.dbtools.crest.model.design.logical.Entity" directorySegmentName="seg_0" id="BF6C9A45-442C-55FD-5D93-97CC02AD979A" name="ATENCIÓN_MÉDICA">
<createdBy>alexa</createdBy>
<createdTime>2025-09-13 02:35:33 UTC</createdTime>
<ownerDesignName>Gestion_Inventario</ownerDesignName>
<engineerTo>
<item key="390ED41D-D893-04B2-F921-1E8F740A738B" value="true"/>
</engineerTo>
<adequatelyNormalized>NO</adequatelyNormalized>
<expectedVolumes>0</expectedVolumes>
<fwdEngineeringStrategyName>Single Table</fwdEngineeringStrategyName>
<growthPercent>0</growthPercent>
<growthType>Year</growthType>
<maxVolumes>9999999</maxVolumes>
<minVolumes>0</minVolumes>
<normalForm>Third</normalForm>
<attributes itemClass="oracle.dbtools.crest.model.design.logical.Attribute">
<Attribute name="folio" id="24537467-3070-4B32-E0C8-BB4BF8582A35">
<createdBy>alexa</createdBy>
<createdTime>2025-09-13 02:35:49 UTC</createdTime>
<ownerDesignName>Gestion_Inventario</ownerDesignName>
<engineerTo>
<item key="390ED41D-D893-04B2-F921-1E8F740A738B" value="true"/>
</engineerTo>
<useDomainConstraints>false</useDomainConstraints>
<use>1</use>
<logicalDatatype>LOGDT019</logicalDatatype>
<dataTypePrecision>6</dataTypePrecision>
<ownDataTypeParameters>,6,</ownDataTypeParameters>
</Attribute>
<Attribute name="fecha_atención" id="BDB22810-18A4-36F2-7A1C-DF94A4C71C09">
<createdBy>alexa</createdBy>
<createdTime>2025-09-13 02:37:34 UTC</createdTime>
<ownerDesignName>Gestion_Inventario</ownerDesignName>
<engineerTo>
<item key="390ED41D-D893-04B2-F921-1E8F740A738B" value="true"/>
</engineerTo>
<useDomainConstraints>false</useDomainConstraints>
<use>1</use>
<logicalDatatype>LOGDT007</logicalDatatype>
<ownDataTypeParameters>,,</ownDataTypeParameters>
</Attribute>
<Attribute name="tipo_atención" id="BA162A8C-DBCC-D56A-098E-A6EB36A94C18">
<createdBy>alexa</createdBy>
<createdTime>2025-09-14 17:28:50 UTC</createdTime>
<ownerDesignName>Gestion_Inventario</ownerDesignName>
<engineerTo>
<item key="390ED41D-D893-04B2-F921-1E8F740A738B" value="true"/>
</engineerTo>
<useDomainConstraints>false</useDomainConstraints>
<use>1</use>
<logicalDatatype>LOGDT024</logicalDatatype>
<dataTypeSize>15</dataTypeSize>
<ownDataTypeParameters>15,,</ownDataTypeParameters>
</Attribute>
<Attribute name="rut" id="2A063130-3FCC-B994-4216-A061033386F5">
<createdBy>alexa</createdBy>
<createdTime>2025-09-14 17:37:37 UTC</createdTime>
<generatorID>B416F2C4-DF3E-7206-6048-AD4E00649B86</generatorID>
<ownerDesignName>Gestion_Inventario</ownerDesignName>
<engineerTo>
<item key="390ED41D-D893-04B2-F921-1E8F740A738B" value="true"/>
</engineerTo>
<referedAttribute>88DD6F0A-66B7-B73A-C7A6-A61369A807A6</referedAttribute>
<useDomainConstraints>false</useDomainConstraints>
<use>1</use>
<logicalDatatype>LOGDT024</logicalDatatype>
<dataTypeSize>15 CHAR</dataTypeSize>
<ownDataTypeParameters>,,</ownDataTypeParameters>
</Attribute>
<Attribute name="id_afp" id="5F670313-D928-D64A-513F-504C05CB86FC">
<createdBy>alexa</createdBy>
<createdTime>2025-09-14 17:37:37 UTC</createdTime>
<generatorID>B416F2C4-DF3E-7206-6048-AD4E00649B86</generatorID>
<ownerDesignName>Gestion_Inventario</ownerDesignName>
<engineerTo>
<item key="390ED41D-D893-04B2-F921-1E8F740A738B" value="true"/>
</engineerTo>
<referedAttribute>7FFDA12B-70DA-CD0F-5760-210065736900</referedAttribute>
<useDomainConstraints>false</useDomainConstraints>
<use>1</use>
<logicalDatatype>LOGDT019</logicalDatatype>
<dataTypePrecision>8</dataTypePrecision>
<ownDataTypeParameters>,,</ownDataTypeParameters>
</Attribute>
<Attribute name="rut1" id="5A863CDC-DB11-07DB-ABD9-04166FAA453F">
<createdBy>alexa</createdBy>
<createdTime>2025-09-14 17:39:22 UTC</createdTime>
<generatorID>A59A3023-8FCF-327A-D68E-CCDDDA02860E</generatorID>
<ownerDesignName>Gestion_Inventario</ownerDesignName>
<engineerTo>
<item key="390ED41D-D893-04B2-F921-1E8F740A738B" value="true"/>
</engineerTo>
<referedAttribute>144C739D-9533-630B-6F84-02BBDBAEC060</referedAttribute>
<useDomainConstraints>false</useDomainConstraints>
<use>1</use>
<logicalDatatype>LOGDT024</logicalDatatype>
<dataTypeSize>15 CHAR</dataTypeSize>
<ownDataTypeParameters>,,</ownDataTypeParameters>
</Attribute>
<Attribute name="id_pago" id="6E8F895B-D94B-EF7C-AC7C-3808CB891F42">
<createdBy>alexa</createdBy>
<createdTime>2025-09-14 17:43:35 UTC</createdTime>
<generatorID>0E899F97-8D8E-150A-8E07-D627BB5A74C2</generatorID>
<ownerDesignName>Gestion_Inventario</ownerDesignName>
<engineerTo>
<item key="390ED41D-D893-04B2-F921-1E8F740A738B" value="true"/>
</engineerTo>
<referedAttribute>0CC43460-10B2-233B-A4E1-BFB78F2D7725</referedAttribute>
<useDomainConstraints>false</useDomainConstraints>
<use>1</use>
<logicalDatatype>LOGDT019</logicalDatatype>
<dataTypePrecision>8</dataTypePrecision>
<ownDataTypeParameters>,,</ownDataTypeParameters>
</Attribute>
<Attribute name="id_especialidad" id="E58FC363-FC28-E267-29B0-A45A50493671">
<createdBy>alexa</createdBy>
<createdTime>2025-09-14 17:48:49 UTC</createdTime>
<generatorID>B416F2C4-DF3E-7206-6048-AD4E00649B86</generatorID>
<ownerDesignName>Gestion_Inventario</ownerDesignName>
<engineerTo>
<item key="390ED41D-D893-04B2-F921-1E8F740A738B" value="true"/>
</engineerTo>
<referedAttribute>3CA1E791-DDCB-2021-AD39-4494C330287B</referedAttribute>
<useDomainConstraints>false</useDomainConstraints>
<use>1</use>
<logicalDatatype>LOGDT007</logicalDatatype>
<ownDataTypeParameters>,,</ownDataTypeParameters>
</Attribute>
</attributes>
<identifiers itemClass="oracle.dbtools.crest.model.design.logical.CandidateKey">
<identifier id="5C1D1601-10A2-5614-98E1-2635A6DE129C" name="ATENCIÓN_MÉDICA PK">
<createdBy>alexa</createdBy>
<createdTime>2025-09-13 02:37:05 UTC</createdTime>
<ownerDesignName>Gestion_Inventario</ownerDesignName>
<engineerTo>
<item key="390ED41D-D893-04B2-F921-1E8F740A738B" value="true"/>
</engineerTo>
<pk>true</pk>
<usedAttributes>
<attributeRef>24537467-3070-4B32-E0C8-BB4BF8582A35</attributeRef>
</usedAttributes>
</identifier>
</identifiers>
</Entity>