<?xml version = '1.0' encoding = 'UTF-8'?>
<relationalModel class="oracle.dbtools.crest.model.design.relational.RelationalDesign" name="Relational_1" id="390ED41D-D893-04B2-F921-1E8F740A738B" mainViewID="B1084E52-76A1-23CA-1698-F24029D1769A">
<createdBy>alexa</createdBy>
<createdTime>2025-09-13 02:07:34 UTC</createdTime>
<ownerDesignName>Gestion_Inventario</ownerDesignName>
<shouldBeOpen>false</shouldBeOpen>
<selectedRDBMSSite>32076570-2523-435C-2E92-BF29817DFF70</selectedRDBMSSite>
</relationalModel>