<?xml version = '1.0' encoding = 'UTF-8'?>
<Diagram class="oracle.dbtools.crest.swingui.logical.DPVLogical" name="Logical" id="05033821-1A70-8AC8-E1D0-51206E34C37C">
<createdBy>alexa</createdBy>
<modifiedBy>alexa</modifiedBy>
<createdTime>2025-08-15 21:54:35 UTC</createdTime>
<autoRoute>false</autoRoute>
<boxInbox>true</boxInbox>
<showLegend>false</showLegend>
<showLabels>true</showLabels>
<showRelAttributes>false</showRelAttributes>
<gridEnabled>false</gridEnabled>
<showGrid>false</showGrid>
<diagramColor>-1</diagramColor>
<display>false</display>
<notation>0</notation>
<objectViews>
<OView class="oracle.dbtools.crest.swingui.logical.TVEntity" oid="55218789-4278-0762-CAE0-147EF9542B5B" otype="Entity" vid="C86BFAAC-AD82-F91E-774B-67961B8A514A">
<hideElementsInCurrentOnly>false</hideElementsInCurrentOnly>
<bounds x="197" y="47" width="259" height="112"/>
</OView>
<OView class="oracle.dbtools.crest.swingui.logical.TVEntity" oid="5AE5EBB2-DEAD-E3AA-3A21-B01160D7A810" otype="Entity" vid="031F9B7F-931C-B061-BF24-09144E1EDA61">
<hideElementsInCurrentOnly>false</hideElementsInCurrentOnly>
<bounds x="169" y="293" width="297" height="136"/>
</OView>
<OView class="oracle.dbtools.crest.swingui.logical.TVEntity" oid="5B22665C-C577-B757-5FBA-F47F5662FA24" otype="Entity" vid="965C5A31-8D76-2317-F083-AFCC7B760707">
<hideElementsInCurrentOnly>false</hideElementsInCurrentOnly>
<bounds x="528" y="30" width="264" height="163"/>
</OView>
<OView class="oracle.dbtools.crest.swingui.logical.TVEntity" oid="5C754DBA-8F50-9E9C-B4F0-6249305CBCC6" otype="Entity" vid="8634EBDB-A255-0B58-C5FA-C157BE9DA4A0">
<hideElementsInCurrentOnly>false</hideElementsInCurrentOnly>
<bounds x="541" y="301" width="285" height="130"/>
</OView>
</objectViews>
<connectors>
<Connector class="oracle.dbtools.crest.swingui.logical.TVRelation" oid="13DA6C8B-C4F8-D4A2-D9D4-EF32B7D47736" otype="Relation" vid_source="8634EBDB-A255-0B58-C5FA-C157BE9DA4A0" vid_target="031F9B7F-931C-B061-BF24-09144E1EDA61">
<hideElementsInCurrentOnly>false</hideElementsInCurrentOnly>
<backgroundColor>-16777216</backgroundColor>
<lineWidth>1</lineWidth>
<sourceLabel class="oracle.dbtools.crest.model.design.Label">
<site>0</site>
<labelBounds x="492" y="350" width="43" height="30"/>
<noBackgroundColor>true</noBackgroundColor>
<noForegroundColor>true</noForegroundColor>
</sourceLabel>
<targetLabel class="oracle.dbtools.crest.model.design.Label">
<site>2</site>
<labelBounds x="476" y="383" width="43" height="30"/>
<noBackgroundColor>true</noBackgroundColor>
<noForegroundColor>true</noForegroundColor>
</targetLabel>
<points>
<point x="541" y="380"/>
<point x="466" y="380"/>
</points>
</Connector>
<Connector class="oracle.dbtools.crest.swingui.logical.TVRelation" oid="31A11CA4-7CB6-7586-0295-A66666F0A4C2" otype="Relation" vid_source="965C5A31-8D76-2317-F083-AFCC7B760707" vid_target="8634EBDB-A255-0B58-C5FA-C157BE9DA4A0">
<hideElementsInCurrentOnly>false</hideElementsInCurrentOnly>
<backgroundColor>-16777216</backgroundColor>
<lineWidth>1</lineWidth>
<sourceLabel class="oracle.dbtools.crest.model.design.Label">
<site>0</site>
<labelBounds x="651" y="229" width="52" height="30"/>
<noBackgroundColor>true</noBackgroundColor>
<noForegroundColor>true</noForegroundColor>
</sourceLabel>
<targetLabel class="oracle.dbtools.crest.model.design.Label">
<site>2</site>
<labelBounds x="644" y="265" width="89" height="30"/>
<noBackgroundColor>true</noBackgroundColor>
<noForegroundColor>true</noForegroundColor>
</targetLabel>
<points>
<point x="651" y="193"/>
<point x="644" y="301"/>
</points>
</Connector>
<Connector class="oracle.dbtools.crest.swingui.logical.TVRelation" oid="33AEB747-8121-48FE-650D-D7053A6AE89D" otype="Relation" vid_source="C86BFAAC-AD82-F91E-774B-67961B8A514A" vid_target="965C5A31-8D76-2317-F083-AFCC7B760707">
<hideElementsInCurrentOnly>false</hideElementsInCurrentOnly>
<backgroundColor>-16777216</backgroundColor>
<lineWidth>1</lineWidth>
<sourceLabel class="oracle.dbtools.crest.model.design.Label">
<site>0</site>
<labelBounds x="466" y="73" width="65" height="30"/>
<noBackgroundColor>true</noBackgroundColor>
<noForegroundColor>true</noForegroundColor>
</sourceLabel>
<targetLabel class="oracle.dbtools.crest.model.design.Label">
<site>2</site>
<labelBounds x="458" y="106" width="64" height="30"/>
<noBackgroundColor>true</noBackgroundColor>
<noForegroundColor>true</noForegroundColor>
</targetLabel>
<points>
<point x="456" y="103"/>
<point x="528" y="103"/>
</points>
</Connector>
</connectors>
</Diagram>