<?xml version = '1.0' encoding = 'UTF-8'?>
<Diagram class="oracle.dbtools.crest.swingui.logical.DPVLogical" name="Logical" id="DFC827C3-B159-FD36-B14B-D981F037675C">
<createdBy>alexa</createdBy>
<modifiedBy>alexa</modifiedBy>
<createdTime>2025-08-30 01:29:43 UTC</createdTime>
<autoRoute>false</autoRoute>
<boxInbox>false</boxInbox>
<showLegend>false</showLegend>
<showLabels>true</showLabels>
<showRelAttributes>false</showRelAttributes>
<gridEnabled>false</gridEnabled>
<showGrid>false</showGrid>
<diagramColor>-1</diagramColor>
<display>false</display>
<notation>1</notation>
<objectViews>
<OView class="oracle.dbtools.crest.swingui.logical.TVEntity" oid="167A7A80-84DA-3C1A-DE6C-8238F61E6521" otype="Entity" vid="22E37E6F-F63A-FA80-B897-41017D6967A5">
<hideElementsInCurrentOnly>false</hideElementsInCurrentOnly>
<bounds x="35" y="186" width="178" height="79"/>
</OView>
<OView class="oracle.dbtools.crest.swingui.logical.TVEntity" oid="50177555-6536-D357-71D3-6DD02CC3B9EA" otype="Entity" vid="18DF4F8A-4364-E07A-2884-D937E8A4A2DD">
<hideElementsInCurrentOnly>false</hideElementsInCurrentOnly>
<bounds x="752" y="512" width="210" height="107"/>
</OView>
<OView class="oracle.dbtools.crest.swingui.logical.TVEntity" oid="533D3D01-D083-4BA9-42D6-6C36E7BAF9C6" otype="Entity" vid="B7054F23-2676-9745-A702-3CDEC3B6DB92">
<hideElementsInCurrentOnly>false</hideElementsInCurrentOnly>
<bounds x="764" y="19" width="224" height="103"/>
</OView>
<OView class="oracle.dbtools.crest.swingui.logical.TVEntity" oid="74D02B70-D092-735E-9C91-0231B3A7A221" otype="Entity" vid="31F668EE-3FB5-278F-2B72-C551918EBA3B">
<hideElementsInCurrentOnly>false</hideElementsInCurrentOnly>
<bounds x="185" y="275" width="163" height="75"/>
</OView>
<OView class="oracle.dbtools.crest.swingui.logical.TVEntity" oid="8BFF9C31-A4A7-D512-A057-012B59806F55" otype="Entity" vid="D42AC57C-9159-C035-D839-9E6DD2EDF710">
<hideElementsInCurrentOnly>false</hideElementsInCurrentOnly>
<bounds x="821" y="292" width="194" height="62"/>
</OView>
<OView class="oracle.dbtools.crest.swingui.logical.TVEntity" oid="A6CFD6D4-E18B-45CF-2163-4CD8668AF432" otype="Entity" vid="4D1CAC98-4310-200B-8EBB-E9C7F108BA06">
<hideElementsInCurrentOnly>false</hideElementsInCurrentOnly>
<bounds x="808" y="212" width="218" height="51"/>
</OView>
<OView class="oracle.dbtools.crest.swingui.logical.TVEntity" oid="A74EEAD2-D5BA-DC98-58BE-6AF4675C3E89" otype="Entity" vid="C33D0E3D-3F51-C76A-52AA-F6C46611637D">
<hideElementsInCurrentOnly>false</hideElementsInCurrentOnly>
<bounds x="437" y="472" width="237" height="147"/>
</OView>
<OView class="oracle.dbtools.crest.swingui.logical.TVEntity" oid="A8F5CDCE-9F65-C9F2-549C-2FF7A1BB77E6" otype="Entity" vid="ADDE4657-E542-78FB-5402-626F294503EF">
<hideElementsInCurrentOnly>false</hideElementsInCurrentOnly>
<bounds x="31" y="0" width="228" height="141"/>
</OView>
<OView class="oracle.dbtools.crest.swingui.logical.TVEntity" oid="CFFA1535-A9C0-C57B-F3A4-23753D423738" otype="Entity" vid="AB7C9540-0CBC-4B53-E63F-5B25B8999488">
<hideElementsInCurrentOnly>false</hideElementsInCurrentOnly>
<bounds x="396" y="160" width="346" height="245"/>
</OView>
<OView class="oracle.dbtools.crest.swingui.logical.TVEntity" oid="DDF727E7-3FF4-DCDE-3B77-ACB004C3C273" otype="Entity" vid="E93CB172-065F-9405-43BD-021C867E3172">
<hideElementsInCurrentOnly>false</hideElementsInCurrentOnly>
<bounds x="135" y="406" width="217" height="110"/>
</OView>
<OView class="oracle.dbtools.crest.swingui.logical.TVEntity" oid="F090FCEB-C966-17F0-1329-E13BB82A06FE" otype="Entity" vid="32220CCA-2D7C-1239-28CC-32336B3603FE">
<hideElementsInCurrentOnly>false</hideElementsInCurrentOnly>
<bounds x="482" y="4" width="197" height="106"/>
</OView>
</objectViews>
<connectors>
<Connector class="oracle.dbtools.crest.swingui.logical.TVInheritanceRelation" oid="054F1F8B-C0F1-E0AE-2E3D-5CF0883AC1D0" otype="Hierarchy relation" vid_source="ADDE4657-E542-78FB-5402-626F294503EF" vid_target="31F668EE-3FB5-278F-2B72-C551918EBA3B">
<hideElementsInCurrentOnly>false</hideElementsInCurrentOnly>
<backgroundColor>-65536</backgroundColor>
<lineWidth>1</lineWidth>
<points>
<point x="222" y="141"/>
<point x="222" y="275"/>
</points>
</Connector>
<Connector class="oracle.dbtools.crest.swingui.logical.TVInheritanceRelation" oid="18CFC38E-B7F4-6A44-9122-E17DD859445E" otype="Hierarchy relation" vid_source="ADDE4657-E542-78FB-5402-626F294503EF" vid_target="22E37E6F-F63A-FA80-B897-41017D6967A5">
<hideElementsInCurrentOnly>false</hideElementsInCurrentOnly>
<backgroundColor>-65536</backgroundColor>
<lineWidth>1</lineWidth>
<points>
<point x="139" y="141"/>
<point x="139" y="186"/>
</points>
</Connector>
<Connector class="oracle.dbtools.crest.swingui.logical.TVRelation" oid="1C585277-29E9-EA77-4A36-97E6826DE4E7" otype="Relation" vid_source="AB7C9540-0CBC-4B53-E63F-5B25B8999488" vid_target="18DF4F8A-4364-E07A-2884-D937E8A4A2DD">
<hideElementsInCurrentOnly>false</hideElementsInCurrentOnly>
<backgroundColor>-16777216</backgroundColor>
<lineWidth>1</lineWidth>
<sourceLabel class="oracle.dbtools.crest.model.design.Label">
<site>0</site>
<labelBounds x="693" y="441" width="64" height="30"/>
<noBackgroundColor>true</noBackgroundColor>
<noForegroundColor>true</noForegroundColor>
</sourceLabel>
<targetLabel class="oracle.dbtools.crest.model.design.Label">
<site>2</site>
<labelBounds x="817" y="478" width="92" height="28"/>
<noBackgroundColor>true</noBackgroundColor>
<noForegroundColor>true</noForegroundColor>
</targetLabel>
<points>
<point x="677" y="412"/>
<point x="817" y="512"/>
</points>
</Connector>
<Connector class="oracle.dbtools.crest.swingui.logical.TVRelation" oid="342DA01B-2550-6FA7-02FC-D46281E74DBF" otype="Relation" vid_source="AB7C9540-0CBC-4B53-E63F-5B25B8999488" vid_target="B7054F23-2676-9745-A702-3CDEC3B6DB92">
<hideElementsInCurrentOnly>false</hideElementsInCurrentOnly>
<backgroundColor>-16777216</backgroundColor>
<lineWidth>1</lineWidth>
<sourceLabel class="oracle.dbtools.crest.model.design.Label">
<site>0</site>
<labelBounds x="752" y="163" width="55" height="47"/>
<noBackgroundColor>true</noBackgroundColor>
<noForegroundColor>true</noForegroundColor>
</sourceLabel>
<targetLabel class="oracle.dbtools.crest.model.design.Label">
<site>2</site>
<labelBounds x="801" y="175" width="32" height="20"/>
<noBackgroundColor>true</noBackgroundColor>
<noForegroundColor>true</noForegroundColor>
</targetLabel>
<points>
<point x="731" y="167"/>
<point x="801" y="122"/>
</points>
</Connector>
<Connector class="oracle.dbtools.crest.swingui.logical.TVInheritanceRelation" oid="66CEB6B9-C5BF-4464-2AB6-ED78E319C942" otype="Hierarchy relation" vid_source="AB7C9540-0CBC-4B53-E63F-5B25B8999488" vid_target="D42AC57C-9159-C035-D839-9E6DD2EDF710">
<hideElementsInCurrentOnly>false</hideElementsInCurrentOnly>
<backgroundColor>-65536</backgroundColor>
<lineWidth>1</lineWidth>
<points>
<point x="742" y="323"/>
<point x="821" y="323"/>
</points>
</Connector>
<Connector class="oracle.dbtools.crest.swingui.logical.TVRelation" oid="7D240B14-1C68-729B-A661-751A19559780" otype="Relation" vid_source="32220CCA-2D7C-1239-28CC-32336B3603FE" vid_target="AB7C9540-0CBC-4B53-E63F-5B25B8999488">
<hideElementsInCurrentOnly>false</hideElementsInCurrentOnly>
<backgroundColor>-16777216</backgroundColor>
<lineWidth>1</lineWidth>
<sourceLabel class="oracle.dbtools.crest.model.design.Label">
<site>0</site>
<labelBounds x="580" y="154" width="39" height="30"/>
<noBackgroundColor>true</noBackgroundColor>
<noForegroundColor>true</noForegroundColor>
</sourceLabel>
<targetLabel class="oracle.dbtools.crest.model.design.Label">
<site>2</site>
<labelBounds x="580" y="116" width="128" height="38"/>
<noBackgroundColor>true</noBackgroundColor>
<noForegroundColor>true</noForegroundColor>
</targetLabel>
<points>
<point x="580" y="110"/>
<point x="580" y="167"/>
</points>
</Connector>
<Connector class="oracle.dbtools.crest.swingui.logical.TVRelation" oid="B3481B8B-C212-124E-98C5-23A276AC1471" otype="Relation" vid_source="22E37E6F-F63A-FA80-B897-41017D6967A5" vid_target="22E37E6F-F63A-FA80-B897-41017D6967A5">
<hideElementsInCurrentOnly>false</hideElementsInCurrentOnly>
<backgroundColor>-16777216</backgroundColor>
<lineWidth>1</lineWidth>
<points>
<point x="128" y="186"/>
<point x="128" y="221"/>
<point x="128" y="296"/>
<point x="78" y="297"/>
<point x="78" y="265"/>
</points>
</Connector>
<Connector class="oracle.dbtools.crest.swingui.logical.TVRelation" oid="B4D95E9E-0507-FEE6-FE8F-7EDC8AD207E4" otype="Relation" vid_source="C33D0E3D-3F51-C76A-52AA-F6C46611637D" vid_target="E93CB172-065F-9405-43BD-021C867E3172">
<hideElementsInCurrentOnly>false</hideElementsInCurrentOnly>
<backgroundColor>-16777216</backgroundColor>
<lineWidth>1</lineWidth>
<sourceLabel class="oracle.dbtools.crest.model.design.Label">
<site>0</site>
<labelBounds x="392" y="464" width="39" height="30"/>
<noBackgroundColor>true</noBackgroundColor>
<noForegroundColor>true</noForegroundColor>
</sourceLabel>
<targetLabel class="oracle.dbtools.crest.model.design.Label">
<site>2</site>
<labelBounds x="362" y="497" width="40" height="30"/>
<noBackgroundColor>true</noBackgroundColor>
<noForegroundColor>true</noForegroundColor>
</targetLabel>
<points>
<point x="437" y="494"/>
<point x="352" y="494"/>
</points>
</Connector>
<Connector class="oracle.dbtools.crest.swingui.logical.TVRelation" oid="B76F35BD-B165-313E-0526-0BADF3286E42" otype="Relation" vid_source="E93CB172-065F-9405-43BD-021C867E3172" vid_target="AB7C9540-0CBC-4B53-E63F-5B25B8999488">
<hideElementsInCurrentOnly>false</hideElementsInCurrentOnly>
<backgroundColor>-16777216</backgroundColor>
<lineWidth>1</lineWidth>
<sourceLabel class="oracle.dbtools.crest.model.design.Label">
<site>0</site>
<labelBounds x="343" y="370" width="54" height="30"/>
<noBackgroundColor>true</noBackgroundColor>
<noForegroundColor>true</noForegroundColor>
</sourceLabel>
<targetLabel class="oracle.dbtools.crest.model.design.Label">
<site>2</site>
<labelBounds x="269" y="377" width="121" height="32"/>
<noBackgroundColor>true</noBackgroundColor>
<noForegroundColor>true</noForegroundColor>
</targetLabel>
<points>
<point x="343" y="406"/>
<point x="395" y="374"/>
</points>
</Connector>
<Connector class="oracle.dbtools.crest.swingui.logical.TVRelation" oid="C8A3F52E-F6D1-0C6A-3B7E-12D223591224" otype="Relation" vid_source="32220CCA-2D7C-1239-28CC-32336B3603FE" vid_target="ADDE4657-E542-78FB-5402-626F294503EF">
<hideElementsInCurrentOnly>false</hideElementsInCurrentOnly>
<backgroundColor>-16777216</backgroundColor>
<lineWidth>1</lineWidth>
<sourceLabel class="oracle.dbtools.crest.model.design.Label">
<site>0</site>
<labelBounds x="437" y="27" width="39" height="30"/>
<noBackgroundColor>true</noBackgroundColor>
<noForegroundColor>true</noForegroundColor>
</sourceLabel>
<targetLabel class="oracle.dbtools.crest.model.design.Label">
<site>2</site>
<labelBounds x="269" y="60" width="58" height="30"/>
<noBackgroundColor>true</noBackgroundColor>
<noForegroundColor>true</noForegroundColor>
</targetLabel>
<points>
<point x="482" y="57"/>
<point x="259" y="55"/>
</points>
</Connector>
<Connector class="oracle.dbtools.crest.swingui.logical.TVInheritanceRelation" oid="CF2BA7FE-B118-9FBC-AE0F-0FB2246AABE5" otype="Hierarchy relation" vid_source="AB7C9540-0CBC-4B53-E63F-5B25B8999488" vid_target="4D1CAC98-4310-200B-8EBB-E9C7F108BA06">
<hideElementsInCurrentOnly>false</hideElementsInCurrentOnly>
<backgroundColor>-65536</backgroundColor>
<lineWidth>1</lineWidth>
<points>
<point x="742" y="237"/>
<point x="808" y="237"/>
</points>
</Connector>
<Connector class="oracle.dbtools.crest.swingui.logical.TVRelation" oid="E4700185-ADF3-D3C9-B40B-83418D969AD4" otype="Relation" vid_source="32220CCA-2D7C-1239-28CC-32336B3603FE" vid_target="B7054F23-2676-9745-A702-3CDEC3B6DB92">
<hideElementsInCurrentOnly>false</hideElementsInCurrentOnly>
<backgroundColor>-16777216</backgroundColor>
<lineWidth>1</lineWidth>
<points>
<point x="679" y="64"/>
<point x="764" y="59"/>
</points>
</Connector>
<Connector class="oracle.dbtools.crest.swingui.logical.TVRelation" oid="E8DA5FBF-7EBD-3684-AC38-4948961BECE8" otype="Relation" vid_source="18DF4F8A-4364-E07A-2884-D937E8A4A2DD" vid_target="C33D0E3D-3F51-C76A-52AA-F6C46611637D">
<hideElementsInCurrentOnly>false</hideElementsInCurrentOnly>
<backgroundColor>-16777216</backgroundColor>
<lineWidth>1</lineWidth>
<sourceLabel class="oracle.dbtools.crest.model.design.Label">
<site>0</site>
<labelBounds x="707" y="535" width="39" height="30"/>
<noBackgroundColor>true</noBackgroundColor>
<noForegroundColor>true</noForegroundColor>
</sourceLabel>
<targetLabel class="oracle.dbtools.crest.model.design.Label">
<site>2</site>
<labelBounds x="684" y="568" width="39" height="30"/>
<noBackgroundColor>true</noBackgroundColor>
<noForegroundColor>true</noForegroundColor>
</targetLabel>
<points>
<point x="752" y="565"/>
<point x="674" y="565"/>
</points>
</Connector>
</connectors>
<arcs>
<Arc class="oracle.dbtools.crest.swingui.logical.TVArc" oid="694B714C-2DDD-E1A8-150B-0E6CA149670D" otype="Arc" vid="9449F220-2CDA-C0EE-4E6A-61B80859D9B6">
<hideElementsInCurrentOnly>false</hideElementsInCurrentOnly>
<bounds x="376" y="140" width="386" height="285"/>
</Arc>
<Arc class="oracle.dbtools.crest.swingui.logical.TVArc" oid="ECFBCFF3-3A52-DF3E-07B1-CEB6CC4A66CC" otype="Arc" vid="F84785E9-7AE0-35F6-BB79-21AFE7FD3978">
<hideElementsInCurrentOnly>false</hideElementsInCurrentOnly>
<bounds x="11" y="-20" width="268" height="181"/>
</Arc>
</arcs>
</Diagram>