<?xml version = '1.0' encoding = 'UTF-8'?>
<Table class="oracle.dbtools.crest.model.design.relational.Table" directorySegmentName="seg_0" id="1C9457D1-E3B4-E247-2CAD-EA0B8F59E716" name="ATENCIÓN_MÉDICA">
<createdBy>alexa</createdBy>
<createdTime>2025-09-15 21:58:25 UTC</createdTime>
<generatorID>BF6C9A45-442C-55FD-5D93-97CC02AD979A</generatorID>
<ownerDesignName>Gestion_Inventario</ownerDesignName>
<ordsAlias>atencion_medica</ordsAlias>
<allowColumnReorder>false</allowColumnReorder>
<existDependencyGenerateInDDl>true</existDependencyGenerateInDDl>
<parsed>true</parsed>
<columns itemClass="oracle.dbtools.crest.model.design.relational.Column">
<Column name="folio" id="3124AD5B-F5AB-C1D9-3690-54B126EEB1B8">
<createdBy>alexa</createdBy>
<createdTime>2025-09-15 21:58:25 UTC</createdTime>
<generatorID>24537467-3070-4B32-E0C8-BB4BF8582A35</generatorID>
<ownerDesignName>Gestion_Inventario</ownerDesignName>
<useDomainConstraints>false</useDomainConstraints>
<use>1</use>
<logicalDatatype>LOGDT019</logicalDatatype>
<dataTypePrecision>6</dataTypePrecision>
<ownDataTypeParameters>,6,</ownDataTypeParameters>
<autoIncrementCycle>false</autoIncrementCycle>
</Column>
<Column name="fecha_atención" id="1173470C-CC04-0238-B4A0-A7BAC6CE8631">
<createdBy>alexa</createdBy>
<createdTime>2025-09-15 21:58:25 UTC</createdTime>
<generatorID>BDB22810-18A4-36F2-7A1C-DF94A4C71C09</generatorID>
<ownerDesignName>Gestion_Inventario</ownerDesignName>
<useDomainConstraints>false</useDomainConstraints>
<use>1</use>
<logicalDatatype>LOGDT007</logicalDatatype>
<ownDataTypeParameters>,,</ownDataTypeParameters>
<autoIncrementCycle>false</autoIncrementCycle>
</Column>
<Column name="tipo_atención" id="3D903FFF-F6EE-DDBF-4884-86FFC0C746B9">
<createdBy>alexa</createdBy>
<createdTime>2025-09-15 21:58:25 UTC</createdTime>
<generatorID>BA162A8C-DBCC-D56A-098E-A6EB36A94C18</generatorID>
<ownerDesignName>Gestion_Inventario</ownerDesignName>
<useDomainConstraints>false</useDomainConstraints>
<use>1</use>
<logicalDatatype>LOGDT024</logicalDatatype>
<dataTypeSize>15</dataTypeSize>
<ownDataTypeParameters>15,,</ownDataTypeParameters>
<autoIncrementCycle>false</autoIncrementCycle>
</Column>
<Column name="MÉDICO_rut" id="8C15E37B-EBEE-311E-43F2-EBF2340EF65A">
<createdBy>alexa</createdBy>
<createdTime>2025-09-15 21:58:25 UTC</createdTime>
<generatorID>2A063130-3FCC-B994-4216-A061033386F5</generatorID>
<ownerDesignName>Gestion_Inventario</ownerDesignName>
<useDomainConstraints>false</useDomainConstraints>
<use>1</use>
<logicalDatatype>LOGDT024</logicalDatatype>
<dataTypeSize>15 CHAR</dataTypeSize>
<ownDataTypeParameters>,,</ownDataTypeParameters>
<previousColumn>false</previousColumn>
<autoIncrementCycle>false</autoIncrementCycle>
<associations>
<colAssociation fkAssociation="2F3E7A75-F63C-FC5B-81D6-96C31AFEEDBA" referredColumn="3915A718-6588-7F2E-2CFB-6B47CF0C4093"/>
</associations>
</Column>
<Column name="MÉDICO_AFP_id_afp" id="E738F05A-9BDB-AD3B-AE03-380CB78F9D66">
<createdBy>alexa</createdBy>
<createdTime>2025-09-15 21:58:25 UTC</createdTime>
<generatorID>5F670313-D928-D64A-513F-504C05CB86FC</generatorID>
<ownerDesignName>Gestion_Inventario</ownerDesignName>
<useDomainConstraints>false</useDomainConstraints>
<use>1</use>
<logicalDatatype>LOGDT019</logicalDatatype>
<dataTypePrecision>8</dataTypePrecision>
<ownDataTypeParameters>,,</ownDataTypeParameters>
<previousColumn>false</previousColumn>
<autoIncrementCycle>false</autoIncrementCycle>
<associations>
<colAssociation fkAssociation="2F3E7A75-F63C-FC5B-81D6-96C31AFEEDBA" referredColumn="F10C2050-570E-E3F8-8C6A-8C3B9E6A259D"/>
</associations>
</Column>
<Column name="PACIENTE_rut" id="AD4E4246-A911-9F37-AA85-4C0A713C0C46">
<createdBy>alexa</createdBy>
<createdTime>2025-09-15 21:58:25 UTC</createdTime>
<generatorID>5A863CDC-DB11-07DB-ABD9-04166FAA453F</generatorID>
<ownerDesignName>Gestion_Inventario</ownerDesignName>
<useDomainConstraints>false</useDomainConstraints>
<use>1</use>
<logicalDatatype>LOGDT024</logicalDatatype>
<dataTypeSize>15 CHAR</dataTypeSize>
<ownDataTypeParameters>,,</ownDataTypeParameters>
<previousColumn>false</previousColumn>
<autoIncrementCycle>false</autoIncrementCycle>
<associations>
<colAssociation fkAssociation="69E69830-CBD3-6C28-02A7-91C0C8BCA1B5" referredColumn="4985B8CF-D3B5-1D33-95F6-39E6FB7784C7"/>
</associations>
</Column>
<Column name="PAG_ATENCI_id_pago" id="ACC85187-637F-EF33-92CE-778AAA80A22E">
<createdBy>alexa</createdBy>
<createdTime>2025-09-15 21:58:25 UTC</createdTime>
<generatorID>6E8F895B-D94B-EF7C-AC7C-3808CB891F42</generatorID>
<ownerDesignName>Gestion_Inventario</ownerDesignName>
<useDomainConstraints>false</useDomainConstraints>
<use>1</use>
<logicalDatatype>LOGDT019</logicalDatatype>
<dataTypePrecision>8</dataTypePrecision>
<ownDataTypeParameters>,,</ownDataTypeParameters>
<previousColumn>false</previousColumn>
<autoIncrementCycle>false</autoIncrementCycle>
<associations>
<colAssociation fkAssociation="8F7102FC-124C-4665-E303-24CB7322DDE2" referredColumn="E8D98270-1F3C-DE80-B9A5-C4A3B859EEC0"/>
</associations>
</Column>
<Column name="MED_ESPEc_id_especialidad" id="F52AEE24-48E4-D5EF-32A9-AB0228F0617E">
<createdBy>alexa</createdBy>
<createdTime>2025-09-15 21:58:25 UTC</createdTime>
<generatorID>E58FC363-FC28-E267-29B0-A45A50493671</generatorID>
<ownerDesignName>Gestion_Inventario</ownerDesignName>
<useDomainConstraints>false</useDomainConstraints>
<use>1</use>
<logicalDatatype>LOGDT007</logicalDatatype>
<ownDataTypeParameters>,,</ownDataTypeParameters>
<previousColumn>false</previousColumn>
<autoIncrementCycle>false</autoIncrementCycle>
<associations>
<colAssociation fkAssociation="2F3E7A75-F63C-FC5B-81D6-96C31AFEEDBA" referredColumn="C00C4EED-791D-E583-E337-AE2F56994704"/>
</associations>
</Column>
</columns>
<indexes itemClass="oracle.dbtools.crest.model.design.relational.Index">
<ind_PK_UK id="3D546DC9-0622-D099-A75C-B6DBC58E8778" name="ATENCIÓN_MÉDICA_PK">
<createdBy>alexa</createdBy>
<createdTime>2025-09-15 21:58:25 UTC</createdTime>
<generatorID>5C1D1601-10A2-5614-98E1-2635A6DE129C</generatorID>
<ownerDesignName>Gestion_Inventario</ownerDesignName>
<pk>true</pk>
<indexState>Primary Constraint</indexState>
<isSurrogateKey>false</isSurrogateKey>
<indexColumnUsage>
<colUsage columnID="3124AD5B-F5AB-C1D9-3690-54B126EEB1B8"/>
</indexColumnUsage>
</ind_PK_UK>
<ind_PK_UK id="CE846A8A-834C-7F69-B0EA-4FBCCEEFF2EC" name="ATENCIÓN_MÉDICA__IDX">
<createdBy>alexa</createdBy>
<createdTime>2025-09-15 21:58:25 UTC</createdTime>
<ownerDesignName>Gestion_Inventario</ownerDesignName>
<indexState>Unique Plain Index</indexState>
<isSurrogateKey>false</isSurrogateKey>
<relationGeneratorID>0E899F97-8D8E-150A-8E07-D627BB5A74C2</relationGeneratorID>
<indexColumnUsage>
<colUsage columnID="ACC85187-637F-EF33-92CE-778AAA80A22E"/>
</indexColumnUsage>
</ind_PK_UK>
<ind_PK_UK id="06391044-99E9-5C9E-C5E6-3E73BA5CA1B3" name="ATEN_MED_MÉDICO_FK">
<createdBy>alexa</createdBy>
<createdTime>2025-09-15 21:58:25 UTC</createdTime>
<generatorID>B416F2C4-DF3E-7206-6048-AD4E00649B86</generatorID>
<ownerDesignName>Gestion_Inventario</ownerDesignName>
<indexState>Foreign Key</indexState>
<isSurrogateKey>false</isSurrogateKey>
<indexColumnUsage>
<colUsage columnID="8C15E37B-EBEE-311E-43F2-EBF2340EF65A"/>
<colUsage columnID="E738F05A-9BDB-AD3B-AE03-380CB78F9D66"/>
<colUsage columnID="F52AEE24-48E4-D5EF-32A9-AB0228F0617E"/>
</indexColumnUsage>
</ind_PK_UK>
<ind_PK_UK id="1A64C817-55BC-B411-67D1-F512EC350D2E" name="ATEN_MED_PACIENTE_FK">
<createdBy>alexa</createdBy>
<createdTime>2025-09-15 21:58:25 UTC</createdTime>
<generatorID>A59A3023-8FCF-327A-D68E-CCDDDA02860E</generatorID>
<ownerDesignName>Gestion_Inventario</ownerDesignName>
<indexState>Foreign Key</indexState>
<isSurrogateKey>false</isSurrogateKey>
<indexColumnUsage>
<colUsage columnID="AD4E4246-A911-9F37-AA85-4C0A713C0C46"/>
</indexColumnUsage>
</ind_PK_UK>
<ind_PK_UK id="1BFB43B7-6B44-FD92-6EDA-DAF467DA5F76" name="ATEN_MED_PAG_ATENCIÓN_FK">
<createdBy>alexa</createdBy>
<createdTime>2025-09-15 21:58:25 UTC</createdTime>
<generatorID>0E899F97-8D8E-150A-8E07-D627BB5A74C2</generatorID>
<ownerDesignName>Gestion_Inventario</ownerDesignName>
<indexState>Foreign Key</indexState>
<isSurrogateKey>false</isSurrogateKey>
<indexColumnUsage>
<colUsage columnID="ACC85187-637F-EF33-92CE-778AAA80A22E"/>
</indexColumnUsage>
</ind_PK_UK>
</indexes>
</Table>