<?xml version = '1.0' encoding = 'UTF-8'?>
<Table class="oracle.dbtools.crest.model.design.relational.Table" directorySegmentName="seg_0" id="3979BE4E-9CB5-8E14-6CB3-6CF59A396B9B" name="FUNCIONARIO">
<createdBy>alexa</createdBy>
<createdTime>2025-09-15 21:58:25 UTC</createdTime>
<generatorID>88C88B06-167C-F014-319B-F03A84F96675</generatorID>
<ownerDesignName>Gestion_Inventario</ownerDesignName>
<allowColumnReorder>false</allowColumnReorder>
<existDependencyGenerateInDDl>true</existDependencyGenerateInDDl>
<parsed>true</parsed>
<columns itemClass="oracle.dbtools.crest.model.design.relational.Column">
<Column name="rut" id="4B11A34A-EC9B-E01F-494D-30B0C78F5DA1">
<createdBy>alexa</createdBy>
<createdTime>2025-09-15 21:58:25 UTC</createdTime>
<generatorID>144C739D-9533-630B-6F84-02BBDBAEC060</generatorID>
<ownerDesignName>Gestion_Inventario</ownerDesignName>
<useDomainConstraints>false</useDomainConstraints>
<use>1</use>
<logicalDatatype>LOGDT024</logicalDatatype>
<dataTypeSize>15 CHAR</dataTypeSize>
<ownDataTypeParameters>,,</ownDataTypeParameters>
<autoIncrementCycle>false</autoIncrementCycle>
<associations>
<colAssociation fkAssociation="671BD690-DE27-4789-1824-10F10E5575E0" referredColumn="4985B8CF-D3B5-1D33-95F6-39E6FB7784C7"/>
</associations>
</Column>
<Column name="id_empleado" id="91EBFEA5-54AB-5BDE-683C-89D21A2A6CC1">
<createdBy>alexa</createdBy>
<createdTime>2025-09-15 21:58:25 UTC</createdTime>
<generatorID>2A22B5A9-E608-145A-61D4-6AA537FCA7C0</generatorID>
<ownerDesignName>Gestion_Inventario</ownerDesignName>
<useDomainConstraints>false</useDomainConstraints>
<use>1</use>
<logicalDatatype>LOGDT019</logicalDatatype>
<dataTypePrecision>10</dataTypePrecision>
<ownDataTypeParameters>,10,</ownDataTypeParameters>
<autoIncrementCycle>false</autoIncrementCycle>
</Column>
</columns>
<indexes itemClass="oracle.dbtools.crest.model.design.relational.Index">
<ind_PK_UK id="7CC886F2-3441-6CB9-9050-2B7BA88234D7" name="FUNCIONARIO_PK">
<createdBy>alexa</createdBy>
<createdTime>2025-09-15 21:58:25 UTC</createdTime>
<generatorID>DDCD238F-25A7-AC9E-CA5B-9BA2302EA9B1</generatorID>
<ownerDesignName>Gestion_Inventario</ownerDesignName>
<pk>true</pk>
<indexState>Primary Constraint</indexState>
<isSurrogateKey>false</isSurrogateKey>
<indexColumnUsage>
<colUsage columnID="4B11A34A-EC9B-E01F-494D-30B0C78F5DA1"/>
</indexColumnUsage>
</ind_PK_UK>
<ind_PK_UK id="E2AF00D3-65A5-7BB9-137F-5E628582F0E5" name="FUNCIONARIO_PKv1">
<createdBy>alexa</createdBy>
<createdTime>2025-09-15 21:58:25 UTC</createdTime>
<generatorID>E953CF16-DADF-7B9E-EAA4-55F2EE4CA64B</generatorID>
<ownerDesignName>Gestion_Inventario</ownerDesignName>
<indexState>Unique Constraint</indexState>
<isSurrogateKey>false</isSurrogateKey>
<indexColumnUsage>
<colUsage columnID="91EBFEA5-54AB-5BDE-683C-89D21A2A6CC1"/>
</indexColumnUsage>
</ind_PK_UK>
<ind_PK_UK id="2388769B-56C3-0DE0-FEB2-F6E1A6DCDF13" name="FUNCIONARIO_PACIENTE_FK">
<createdBy>alexa</createdBy>
<createdTime>2025-09-15 21:58:25 UTC</createdTime>
<generatorID>13DE9058-13D7-3729-5218-E0D3859DFA18</generatorID>
<ownerDesignName>Gestion_Inventario</ownerDesignName>
<indexState>Foreign Key</indexState>
<isSurrogateKey>false</isSurrogateKey>
<indexColumnUsage>
<colUsage columnID="4B11A34A-EC9B-E01F-494D-30B0C78F5DA1"/>
</indexColumnUsage>
</ind_PK_UK>
</indexes>
</Table>