<?xml version = '1.0' encoding = 'UTF-8'?>
<Table class="oracle.dbtools.crest.model.design.relational.Table" directorySegmentName="seg_0" id="5A5F5464-1E81-F6B8-4185-4DE496D54414" name="MÉDICO">
<createdBy>alexa</createdBy>
<createdTime>2025-09-15 21:58:25 UTC</createdTime>
<generatorID>270E471F-B109-DB18-9F0A-46D9BED79704</generatorID>
<ownerDesignName>Gestion_Inventario</ownerDesignName>
<ordsAlias>medico</ordsAlias>
<allowColumnReorder>false</allowColumnReorder>
<existDependencyGenerateInDDl>true</existDependencyGenerateInDDl>
<parsed>true</parsed>
<columns itemClass="oracle.dbtools.crest.model.design.relational.Column">
<Column name="rut" id="3915A718-6588-7F2E-2CFB-6B47CF0C4093">
<createdBy>alexa</createdBy>
<createdTime>2025-09-15 21:58:25 UTC</createdTime>
<generatorID>88DD6F0A-66B7-B73A-C7A6-A61369A807A6</generatorID>
<ownerDesignName>Gestion_Inventario</ownerDesignName>
<useDomainConstraints>false</useDomainConstraints>
<use>1</use>
<logicalDatatype>LOGDT024</logicalDatatype>
<dataTypeSize>15 CHAR</dataTypeSize>
<ownDataTypeParameters>15 CHAR,,</ownDataTypeParameters>
<autoIncrementCycle>false</autoIncrementCycle>
</Column>
<Column name="nombre_completo" id="9E8B33C5-9041-A75B-5170-2BC6985FA793">
<createdBy>alexa</createdBy>
<createdTime>2025-09-15 21:58:25 UTC</createdTime>
<generatorID>46094B88-ED81-4751-A3FC-4D4E642D3B32</generatorID>
<ownerDesignName>Gestion_Inventario</ownerDesignName>
<useDomainConstraints>false</useDomainConstraints>
<use>1</use>
<logicalDatatype>LOGDT024</logicalDatatype>
<dataTypeSize>50 CHAR</dataTypeSize>
<ownDataTypeParameters>50 CHAR,,</ownDataTypeParameters>
<autoIncrementCycle>false</autoIncrementCycle>
</Column>
<Column name="fecha_ingreso" id="45FD769C-94D9-4E27-238E-A0B64EF3DA47">
<createdBy>alexa</createdBy>
<createdTime>2025-09-15 21:58:25 UTC</createdTime>
<generatorID>9791DC2E-2B4D-9D23-5DFC-22E8376786F1</generatorID>
<ownerDesignName>Gestion_Inventario</ownerDesignName>
<useDomainConstraints>false</useDomainConstraints>
<use>1</use>
<logicalDatatype>LOGDT007</logicalDatatype>
<ownDataTypeParameters>,,</ownDataTypeParameters>
<autoIncrementCycle>false</autoIncrementCycle>
</Column>
<Column name="INST_SALUD_id_inst" id="5E291FF4-5AF6-B459-EE56-F962B5609DE8">
<createdBy>alexa</createdBy>
<createdTime>2025-09-15 21:58:25 UTC</createdTime>
<generatorID>FBB32B8F-E8FF-F91C-0741-E258B060F9F1</generatorID>
<ownerDesignName>Gestion_Inventario</ownerDesignName>
<useDomainConstraints>false</useDomainConstraints>
<use>1</use>
<logicalDatatype>LOGDT019</logicalDatatype>
<dataTypePrecision>10</dataTypePrecision>
<ownDataTypeParameters>,,</ownDataTypeParameters>
<previousColumn>false</previousColumn>
<autoIncrementCycle>false</autoIncrementCycle>
<associations>
<colAssociation fkAssociation="B0999C17-1B87-8793-9B95-45367CF34F15" referredColumn="8C483F8D-3509-359E-8D5D-5EF4EA020B6D"/>
</associations>
</Column>
<Column name="AFP_id_afp" id="F10C2050-570E-E3F8-8C6A-8C3B9E6A259D">
<createdBy>alexa</createdBy>
<createdTime>2025-09-15 21:58:25 UTC</createdTime>
<generatorID>7FFDA12B-70DA-CD0F-5760-210065736900</generatorID>
<ownerDesignName>Gestion_Inventario</ownerDesignName>
<useDomainConstraints>false</useDomainConstraints>
<use>1</use>
<logicalDatatype>LOGDT019</logicalDatatype>
<dataTypePrecision>8</dataTypePrecision>
<ownDataTypeParameters>,,</ownDataTypeParameters>
<previousColumn>false</previousColumn>
<autoIncrementCycle>false</autoIncrementCycle>
<associations>
<colAssociation fkAssociation="3A3A6D57-E965-0D3E-9D07-25ED8F776B1B" referredColumn="3982B6E6-406F-6FA5-9525-848FECC490EF"/>
</associations>
</Column>
<Column name="ESPECIALIDAD_id_especialidad" id="C00C4EED-791D-E583-E337-AE2F56994704">
<createdBy>alexa</createdBy>
<createdTime>2025-09-15 21:58:25 UTC</createdTime>
<generatorID>3CA1E791-DDCB-2021-AD39-4494C330287B</generatorID>
<ownerDesignName>Gestion_Inventario</ownerDesignName>
<useDomainConstraints>false</useDomainConstraints>
<use>1</use>
<logicalDatatype>LOGDT007</logicalDatatype>
<ownDataTypeParameters>,,</ownDataTypeParameters>
<previousColumn>false</previousColumn>
<autoIncrementCycle>false</autoIncrementCycle>
<associations>
<colAssociation fkAssociation="02E9C776-0B45-18CE-22F3-D76A1EE9BE1B" referredColumn="21F7D364-080F-EDB9-5AF3-F88CF487B3E8"/>
</associations>
</Column>
</columns>
<indexes itemClass="oracle.dbtools.crest.model.design.relational.Index">
<ind_PK_UK id="D780C7FA-8AB3-9683-4521-306B07545006" name="MÉDICO_PK">
<createdBy>alexa</createdBy>
<createdTime>2025-09-15 21:58:25 UTC</createdTime>
<generatorID>918DC90B-82FC-ADAB-E137-9F05E3C05A71</generatorID>
<ownerDesignName>Gestion_Inventario</ownerDesignName>
<pk>true</pk>
<indexState>Primary Constraint</indexState>
<isSurrogateKey>false</isSurrogateKey>
<indexColumnUsage>
<colUsage columnID="3915A718-6588-7F2E-2CFB-6B47CF0C4093"/>
<colUsage columnID="F10C2050-570E-E3F8-8C6A-8C3B9E6A259D"/>
<colUsage columnID="C00C4EED-791D-E583-E337-AE2F56994704"/>
</indexColumnUsage>
</ind_PK_UK>
<ind_PK_UK id="DAAF5E69-57FF-7C97-B587-21064C617A4F" name="MED_INST_SALUD_FK">
<createdBy>alexa</createdBy>
<createdTime>2025-09-15 21:58:25 UTC</createdTime>
<generatorID>955C9BC8-A76C-DD0A-CEAA-AC94D06235C3</generatorID>
<ownerDesignName>Gestion_Inventario</ownerDesignName>
<indexState>Foreign Key</indexState>
<isSurrogateKey>false</isSurrogateKey>
<indexColumnUsage>
<colUsage columnID="5E291FF4-5AF6-B459-EE56-F962B5609DE8"/>
</indexColumnUsage>
</ind_PK_UK>
<ind_PK_UK id="BC8575CE-5D39-BBFA-1507-87B1D43D7E65" name="MED_ESPECIALIDAD_FK">
<createdBy>alexa</createdBy>
<createdTime>2025-09-15 21:58:25 UTC</createdTime>
<generatorID>46659A5B-C62E-7391-0503-6587C33E0326</generatorID>
<ownerDesignName>Gestion_Inventario</ownerDesignName>
<indexState>Foreign Key</indexState>
<isSurrogateKey>false</isSurrogateKey>
<indexColumnUsage>
<colUsage columnID="C00C4EED-791D-E583-E337-AE2F56994704"/>
</indexColumnUsage>
</ind_PK_UK>
<ind_PK_UK id="FE968746-AC65-4ADA-842D-7DF7F75D0AE9" name="MED_AFP_FK">
<createdBy>alexa</createdBy>
<createdTime>2025-09-15 21:58:25 UTC</createdTime>
<generatorID>06CEE784-B30C-6124-4B64-FA7D4AB9B9C5</generatorID>
<ownerDesignName>Gestion_Inventario</ownerDesignName>
<indexState>Foreign Key</indexState>
<isSurrogateKey>false</isSurrogateKey>
<indexColumnUsage>
<colUsage columnID="F10C2050-570E-E3F8-8C6A-8C3B9E6A259D"/>
</indexColumnUsage>
</ind_PK_UK>
</indexes>
</Table>