<?xml version = '1.0' encoding = 'UTF-8'?>
<Table class="oracle.dbtools.crest.model.design.relational.Table" directorySegmentName="seg_0" id="700EDA24-E6FE-830E-9A41-D420EFEB0835" name="ESTUDIANTE">
<createdBy>alexa</createdBy>
<createdTime>2025-09-15 21:58:25 UTC</createdTime>
<generatorID>7E0F1B6A-E9E6-A809-98AD-364E80FF0FA9</generatorID>
<ownerDesignName>Gestion_Inventario</ownerDesignName>
<allowColumnReorder>false</allowColumnReorder>
<existDependencyGenerateInDDl>true</existDependencyGenerateInDDl>
<existDependencyConstraintName>exclusion</existDependencyConstraintName>
<parsed>true</parsed>
<columns itemClass="oracle.dbtools.crest.model.design.relational.Column">
<Column name="rut" id="2080CE53-BD2A-9EDD-955C-C70502AF94F7">
<createdBy>alexa</createdBy>
<createdTime>2025-09-15 21:58:25 UTC</createdTime>
<generatorID>144C739D-9533-630B-6F84-02BBDBAEC060</generatorID>
<ownerDesignName>Gestion_Inventario</ownerDesignName>
<useDomainConstraints>false</useDomainConstraints>
<use>1</use>
<logicalDatatype>LOGDT024</logicalDatatype>
<dataTypeSize>15 CHAR</dataTypeSize>
<ownDataTypeParameters>,,</ownDataTypeParameters>
<autoIncrementCycle>false</autoIncrementCycle>
<associations>
<colAssociation fkAssociation="1BF8ADFB-C4B5-8D9E-B598-BFAC2DDD41A0" referredColumn="4985B8CF-D3B5-1D33-95F6-39E6FB7784C7"/>
</associations>
</Column>
<Column name="id_matrícula" id="A0CAF939-77FC-E339-DE7D-BC423E2D72E6">
<createdBy>alexa</createdBy>
<createdTime>2025-09-15 21:58:25 UTC</createdTime>
<generatorID>53C080F6-10C8-4BB9-122A-C10A1C214CEB</generatorID>
<ownerDesignName>Gestion_Inventario</ownerDesignName>
<useDomainConstraints>false</useDomainConstraints>
<use>1</use>
<logicalDatatype>LOGDT019</logicalDatatype>
<dataTypePrecision>10</dataTypePrecision>
<ownDataTypeParameters>,10,</ownDataTypeParameters>
<autoIncrementCycle>false</autoIncrementCycle>
<isDiscriminatorColumn>true</isDiscriminatorColumn>
</Column>
</columns>
<indexes itemClass="oracle.dbtools.crest.model.design.relational.Index">
<ind_PK_UK id="B2E91BE6-E679-7AE2-3020-C2EF9D07A9C8" name="ESTUDIANTE_PK">
<createdBy>alexa</createdBy>
<createdTime>2025-09-15 21:58:25 UTC</createdTime>
<generatorID>DDCD238F-25A7-AC9E-CA5B-9BA2302EA9B1</generatorID>
<ownerDesignName>Gestion_Inventario</ownerDesignName>
<pk>true</pk>
<indexState>Primary Constraint</indexState>
<isSurrogateKey>false</isSurrogateKey>
<indexColumnUsage>
<colUsage columnID="2080CE53-BD2A-9EDD-955C-C70502AF94F7"/>
</indexColumnUsage>
</ind_PK_UK>
<ind_PK_UK id="316C8106-6462-1CC6-42D8-A8159AF93015" name="ESTUDIANTE_PKv1">
<createdBy>alexa</createdBy>
<createdTime>2025-09-15 21:58:25 UTC</createdTime>
<generatorID>F4744F8B-286E-EBBC-BFFA-7A54CA539A64</generatorID>
<ownerDesignName>Gestion_Inventario</ownerDesignName>
<indexState>Unique Constraint</indexState>
<isSurrogateKey>false</isSurrogateKey>
<indexColumnUsage>
<colUsage columnID="A0CAF939-77FC-E339-DE7D-BC423E2D72E6"/>
</indexColumnUsage>
</ind_PK_UK>
<ind_PK_UK id="3A53CC13-0491-4A27-1ACE-0832CEAF2373" name="ESTUDIANTE_PACIENTE_FK">
<createdBy>alexa</createdBy>
<createdTime>2025-09-15 21:58:25 UTC</createdTime>
<generatorID>782972DA-1A45-246D-C361-FCD078B32B8F</generatorID>
<ownerDesignName>Gestion_Inventario</ownerDesignName>
<indexState>Foreign Key</indexState>
<isSurrogateKey>false</isSurrogateKey>
<indexColumnUsage>
<colUsage columnID="2080CE53-BD2A-9EDD-955C-C70502AF94F7"/>
</indexColumnUsage>
</ind_PK_UK>
</indexes>
</Table>