<?xml version = '1.0' encoding = 'UTF-8'?>
<Table class="oracle.dbtools.crest.model.design.relational.Table" directorySegmentName="seg_0" id="7D37B8F7-FBFA-7DD3-2379-C3A3F71176CE" name="INSTITUCIÓN_SALUD">
<createdBy>alexa</createdBy>
<createdTime>2025-09-15 21:58:25 UTC</createdTime>
<generatorID>9E7CF76B-1F18-14EC-61D0-4724E48DC268</generatorID>
<ownerDesignName>Gestion_Inventario</ownerDesignName>
<allowColumnReorder>false</allowColumnReorder>
<existDependencyGenerateInDDl>true</existDependencyGenerateInDDl>
<parsed>true</parsed>
<columns itemClass="oracle.dbtools.crest.model.design.relational.Column">
<Column name="id_institución" id="8C483F8D-3509-359E-8D5D-5EF4EA020B6D">
<createdBy>alexa</createdBy>
<createdTime>2025-09-15 21:58:25 UTC</createdTime>
<generatorID>2A4AB286-EDFE-4257-653E-293249F8F244</generatorID>
<ownerDesignName>Gestion_Inventario</ownerDesignName>
<useDomainConstraints>false</useDomainConstraints>
<use>1</use>
<logicalDatatype>LOGDT019</logicalDatatype>
<dataTypePrecision>10</dataTypePrecision>
<ownDataTypeParameters>,10,</ownDataTypeParameters>
<autoIncrementCycle>false</autoIncrementCycle>
</Column>
<Column name="nombre" id="EE5F4C2F-F299-9D04-345B-61A355900BB9">
<createdBy>alexa</createdBy>
<createdTime>2025-09-15 21:58:25 UTC</createdTime>
<generatorID>AEC2B96C-2477-2316-0D35-E2894F84A097</generatorID>
<ownerDesignName>Gestion_Inventario</ownerDesignName>
<useDomainConstraints>false</useDomainConstraints>
<use>1</use>
<logicalDatatype>LOGDT024</logicalDatatype>
<dataTypeSize>50</dataTypeSize>
<ownDataTypeParameters>50,,</ownDataTypeParameters>
<autoIncrementCycle>false</autoIncrementCycle>
</Column>
</columns>
<indexes itemClass="oracle.dbtools.crest.model.design.relational.Index">
<ind_PK_UK id="7A143B84-C5EF-E3B3-38F0-B72CF8EE9FE0" name="INSTITUCIÓN_SALUD_PK">
<createdBy>alexa</createdBy>
<createdTime>2025-09-15 21:58:25 UTC</createdTime>
<generatorID>D1173614-8E15-2AE6-238C-85045658D467</generatorID>
<ownerDesignName>Gestion_Inventario</ownerDesignName>
<pk>true</pk>
<indexState>Primary Constraint</indexState>
<isSurrogateKey>false</isSurrogateKey>
<indexColumnUsage>
<colUsage columnID="8C483F8D-3509-359E-8D5D-5EF4EA020B6D"/>
</indexColumnUsage>
</ind_PK_UK>
</indexes>
</Table>