<?xml version = '1.0' encoding = 'UTF-8'?>
<Table class="oracle.dbtools.crest.model.design.relational.Table" directorySegmentName="seg_0" id="7F9EDC6F-B3A3-A0D5-3429-3B5FC49E7544" name="PAGO_ATENCIÓN">
<createdBy>alexa</createdBy>
<createdTime>2025-09-15 21:58:25 UTC</createdTime>
<generatorID>0A4A6CE8-7651-3489-13BB-C2ECFE945A60</generatorID>
<ownerDesignName>Gestion_Inventario</ownerDesignName>
<ordsAlias>pago_atencion</ordsAlias>
<allowColumnReorder>false</allowColumnReorder>
<existDependencyGenerateInDDl>true</existDependencyGenerateInDDl>
<parsed>true</parsed>
<columns itemClass="oracle.dbtools.crest.model.design.relational.Column">
<Column name="id_pago" id="E8D98270-1F3C-DE80-B9A5-C4A3B859EEC0">
<createdBy>alexa</createdBy>
<createdTime>2025-09-15 21:58:25 UTC</createdTime>
<generatorID>0CC43460-10B2-233B-A4E1-BFB78F2D7725</generatorID>
<ownerDesignName>Gestion_Inventario</ownerDesignName>
<useDomainConstraints>false</useDomainConstraints>
<use>1</use>
<logicalDatatype>LOGDT019</logicalDatatype>
<dataTypePrecision>8</dataTypePrecision>
<ownDataTypeParameters>,8,</ownDataTypeParameters>
<autoIncrementCycle>false</autoIncrementCycle>
</Column>
<Column name="fecha_pago" id="9A5FCA49-8498-02B3-5078-85C92DED5B8A">
<createdBy>alexa</createdBy>
<createdTime>2025-09-15 21:58:25 UTC</createdTime>
<generatorID>2F8228BB-7DAE-7A32-D60E-349607493998</generatorID>
<ownerDesignName>Gestion_Inventario</ownerDesignName>
<useDomainConstraints>false</useDomainConstraints>
<use>1</use>
<logicalDatatype>LOGDT007</logicalDatatype>
<ownDataTypeParameters>,,</ownDataTypeParameters>
<autoIncrementCycle>false</autoIncrementCycle>
</Column>
<Column name="tipo_pago" id="A8AB8209-0CEB-6FC1-9475-EC3C8ACB57B2">
<createdBy>alexa</createdBy>
<createdTime>2025-09-15 21:58:25 UTC</createdTime>
<generatorID>CBF3F007-4196-012C-BF87-CF9F0632AF68</generatorID>
<ownerDesignName>Gestion_Inventario</ownerDesignName>
<useDomainConstraints>false</useDomainConstraints>
<use>1</use>
<logicalDatatype>LOGDT024</logicalDatatype>
<dataTypeSize>50 CHAR</dataTypeSize>
<ownDataTypeParameters>50 CHAR,,</ownDataTypeParameters>
<autoIncrementCycle>false</autoIncrementCycle>
</Column>
<Column name="monto" id="5F81F076-5E6B-5B20-BDE6-5767808FCCB0">
<createdBy>alexa</createdBy>
<createdTime>2025-09-15 21:58:25 UTC</createdTime>
<generatorID>6742172A-49A6-F116-1523-CF4062F41A14</generatorID>
<ownerDesignName>Gestion_Inventario</ownerDesignName>
<constraintName>monto_minimo</constraintName>
<useDomainConstraints>false</useDomainConstraints>
<use>1</use>
<logicalDatatype>LOGDT019</logicalDatatype>
<dataTypePrecision>10</dataTypePrecision>
<dataTypeScale>2</dataTypeScale>
<checkConstraint>
<implementationDef dbType="Generic Constraint" definition="CHECK (monto&gt;0)"/>
</checkConstraint>
<ownDataTypeParameters>,10,2</ownDataTypeParameters>
<autoIncrementCycle>false</autoIncrementCycle>
</Column>
<Column name="ATENCIÓN_MÉDICA_folio" id="6629B1DD-6DCB-58A0-2BFC-CAF64973C86E">
<createdBy>alexa</createdBy>
<createdTime>2025-09-15 21:58:25 UTC</createdTime>
<generatorID>2A343D21-6891-A41F-91EA-6A17D999905D</generatorID>
<ownerDesignName>Gestion_Inventario</ownerDesignName>
<useDomainConstraints>false</useDomainConstraints>
<use>1</use>
<logicalDatatype>LOGDT019</logicalDatatype>
<dataTypePrecision>6</dataTypePrecision>
<ownDataTypeParameters>,,</ownDataTypeParameters>
<previousColumn>false</previousColumn>
<autoIncrementCycle>false</autoIncrementCycle>
<associations>
<colAssociation fkAssociation="636AA470-1A30-613B-B790-920832CA52FD" referredColumn="3124AD5B-F5AB-C1D9-3690-54B126EEB1B8"/>
</associations>
</Column>
</columns>
<indexes itemClass="oracle.dbtools.crest.model.design.relational.Index">
<ind_PK_UK id="6DD7542A-6698-7B95-2810-C06150AD9D95" name="PAGO_ATENCIÓN_PK">
<createdBy>alexa</createdBy>
<createdTime>2025-09-15 21:58:25 UTC</createdTime>
<generatorID>852FDF63-053A-89D1-3724-8D905166EE5B</generatorID>
<ownerDesignName>Gestion_Inventario</ownerDesignName>
<pk>true</pk>
<indexState>Primary Constraint</indexState>
<isSurrogateKey>false</isSurrogateKey>
<indexColumnUsage>
<colUsage columnID="E8D98270-1F3C-DE80-B9A5-C4A3B859EEC0"/>
</indexColumnUsage>
</ind_PK_UK>
<ind_PK_UK id="5EC06931-7C0F-DFF5-0F20-4F80695ABC67" name="PAGO_ATENCIÓN__IDX">
<createdBy>alexa</createdBy>
<createdTime>2025-09-15 21:58:25 UTC</createdTime>
<ownerDesignName>Gestion_Inventario</ownerDesignName>
<indexState>Unique Plain Index</indexState>
<isSurrogateKey>false</isSurrogateKey>
<relationGeneratorID>0E899F97-8D8E-150A-8E07-D627BB5A74C2</relationGeneratorID>
<indexColumnUsage>
<colUsage columnID="6629B1DD-6DCB-58A0-2BFC-CAF64973C86E"/>
</indexColumnUsage>
</ind_PK_UK>
<ind_PK_UK id="4207D665-5D03-A887-F62D-3FD8404D9D6A" name="PAG_ATEN_ATEN_MED_FK">
<createdBy>alexa</createdBy>
<createdTime>2025-09-15 21:58:25 UTC</createdTime>
<generatorID>0E899F97-8D8E-150A-8E07-D627BB5A74C2</generatorID>
<ownerDesignName>Gestion_Inventario</ownerDesignName>
<indexState>Foreign Key</indexState>
<isSurrogateKey>false</isSurrogateKey>
<indexColumnUsage>
<colUsage columnID="6629B1DD-6DCB-58A0-2BFC-CAF64973C86E"/>
</indexColumnUsage>
</ind_PK_UK>
</indexes>
</Table>