<?xml version = '1.0' encoding = 'UTF-8'?>
<Table class="oracle.dbtools.crest.model.design.relational.Table" directorySegmentName="seg_0" id="90E190AD-3F09-39A8-6C33-209F7D5ACA0B" name="COMUNA">
<createdBy>alexa</createdBy>
<createdTime>2025-09-15 21:58:25 UTC</createdTime>
<generatorID>A743E8A8-E1E5-78D4-ACD3-66E3F5E2A924</generatorID>
<ownerDesignName>Gestion_Inventario</ownerDesignName>
<allowColumnReorder>false</allowColumnReorder>
<existDependencyGenerateInDDl>true</existDependencyGenerateInDDl>
<parsed>true</parsed>
<columns itemClass="oracle.dbtools.crest.model.design.relational.Column">
<Column name="id_comuna" id="C5A390CB-D461-1034-37B7-84434AD0C005">
<createdBy>alexa</createdBy>
<createdTime>2025-09-15 21:58:25 UTC</createdTime>
<generatorID>2B7A88D7-4147-A79C-B6BA-323A359232C0</generatorID>
<ownerDesignName>Gestion_Inventario</ownerDesignName>
<useDomainConstraints>false</useDomainConstraints>
<use>1</use>
<logicalDatatype>LOGDT019</logicalDatatype>
<dataTypePrecision>10</dataTypePrecision>
<ownDataTypeParameters>,10,</ownDataTypeParameters>
<autoIncrementCycle>false</autoIncrementCycle>
</Column>
<Column name="REGION_id_región" id="FD93BA74-25D4-8F08-2F41-7554A5B4138F">
<createdBy>alexa</createdBy>
<createdTime>2025-09-15 21:58:25 UTC</createdTime>
<generatorID>C380330E-F28B-B5D7-C179-1952B9F3358A</generatorID>
<ownerDesignName>Gestion_Inventario</ownerDesignName>
<useDomainConstraints>false</useDomainConstraints>
<use>1</use>
<logicalDatatype>LOGDT024</logicalDatatype>
<dataTypeSize>50</dataTypeSize>
<ownDataTypeParameters>,,</ownDataTypeParameters>
<previousColumn>false</previousColumn>
<autoIncrementCycle>false</autoIncrementCycle>
<associations>
<colAssociation fkAssociation="AD246FD5-4CC3-F092-891E-486DD572CB99" referredColumn="FC9DBE6E-230C-A651-F041-871FC33D107B"/>
</associations>
</Column>
</columns>
<indexes itemClass="oracle.dbtools.crest.model.design.relational.Index">
<ind_PK_UK id="3959120B-7B95-173D-3123-4549AB95702F" name="COMUNA_PK">
<createdBy>alexa</createdBy>
<createdTime>2025-09-15 21:58:25 UTC</createdTime>
<generatorID>0C3FFC8A-0FEA-9B4B-2E77-0D2409161CD3</generatorID>
<ownerDesignName>Gestion_Inventario</ownerDesignName>
<pk>true</pk>
<indexState>Primary Constraint</indexState>
<isSurrogateKey>false</isSurrogateKey>
<indexColumnUsage>
<colUsage columnID="C5A390CB-D461-1034-37B7-84434AD0C005"/>
</indexColumnUsage>
</ind_PK_UK>
<ind_PK_UK id="26EB53C1-9BD9-57B4-4E9C-CF77FBDD4DA5" name="COMUNA_REGION_FK">
<createdBy>alexa</createdBy>
<createdTime>2025-09-15 21:58:25 UTC</createdTime>
<generatorID>D0AF0AD1-DF5B-FE46-A936-FD373D763697</generatorID>
<ownerDesignName>Gestion_Inventario</ownerDesignName>
<indexState>Foreign Key</indexState>
<isSurrogateKey>false</isSurrogateKey>
<indexColumnUsage>
<colUsage columnID="FD93BA74-25D4-8F08-2F41-7554A5B4138F"/>
</indexColumnUsage>
</ind_PK_UK>
</indexes>
</Table>