<?xml version = '1.0' encoding = 'UTF-8'?>
<Relation class="oracle.dbtools.crest.model.design.logical.InheritanceRelation" name="Hierarchy_2" directorySegmentName="seg_0" id="13DE9058-13D7-3729-5218-E0D3859DFA18">
<createdBy>alexa</createdBy>
<createdTime>2025-09-15 21:11:19 UTC</createdTime>
<ownerDesignName>Gestion_Inventario</ownerDesignName>
<engineerTo>
<item key="390ED41D-D893-04B2-F921-1E8F740A738B" value="true"/>
</engineerTo>
<arc>73D93CCD-8A6A-9C62-A95A-B5A10A89BA2A</arc>
<identifying>false</identifying>
<nameOnSource>Super Type</nameOnSource>
<nameOnTarget>Sub Type</nameOnTarget>
<optionalSource>true</optionalSource>
<optionalTarget>true</optionalTarget>
<sourceEntity>8817F74A-33DC-D1FF-4C77-CA41B76A0F29</sourceEntity>
<targetEntity>88C88B06-167C-F014-319B-F03A84F96675</targetEntity>
<transferable>true</transferable>
<deleteRule>NO ACTION</deleteRule>
</Relation>