<?xml version = '1.0' encoding = 'UTF-8'?>
<Relation class="oracle.dbtools.crest.model.design.logical.InheritanceRelation" name="Hierarchy_1" directorySegmentName="seg_0" id="782972DA-1A45-246D-C361-FCD078B32B8F">
<createdBy>alexa</createdBy>
<createdTime>2025-09-15 21:10:00 UTC</createdTime>
<ownerDesignName>Gestion_Inventario</ownerDesignName>
<engineerTo>
<item key="390ED41D-D893-04B2-F921-1E8F740A738B" value="true"/>
</engineerTo>
<arc>73D93CCD-8A6A-9C62-A95A-B5A10A89BA2A</arc>
<identifying>false</identifying>
<nameOnSource>Super Type</nameOnSource>
<nameOnTarget>Sub Type</nameOnTarget>
<optionalSource>true</optionalSource>
<optionalTarget>true</optionalTarget>
<sourceEntity>8817F74A-33DC-D1FF-4C77-CA41B76A0F29</sourceEntity>
<targetEntity>7E0F1B6A-E9E6-A809-98AD-364E80FF0FA9</targetEntity>
<transferable>true</transferable>
<deleteRule>NO ACTION</deleteRule>
</Relation>