<?xml version = '1.0' encoding = 'UTF-8'?>
<relationalModel class="oracle.dbtools.crest.model.design.relational.RelationalDesign" name="Relational_1" id="0B8FA52E-632E-6058-641F-78150DD3745A" mainViewID="C5179612-3C28-DE23-EE95-6B600CA0FF04">
<createdBy>alexa</createdBy>
<createdTime>2025-08-30 01:29:24 UTC</createdTime>
<ownerDesignName>Residencias_VivirMejor</ownerDesignName>
<shouldBeOpen>false</shouldBeOpen>
<selectedRDBMSSite>32076570-2523-435C-2E92-BF29817DFF70</selectedRDBMSSite>
</relationalModel>