<?xml version = '1.0' encoding = 'UTF-8'?>
<Relation class="oracle.dbtools.crest.model.design.logical.Relation" name="Relation_9" directorySegmentName="seg_0" id="1C585277-29E9-EA77-4A36-97E6826DE4E7">
<createdBy>alexa</createdBy>
<createdTime>2025-08-30 04:07:08 UTC</createdTime>
<ownerDesignName>Residencias_VivirMejor</ownerDesignName>
<engineerTo>
<item key="0B8FA52E-632E-6058-641F-78150DD3745A" value="true"/>
</engineerTo>
<sourcePk>85FFE23F-B7D9-B4AD-F03F-26E953CF298E</sourcePk>
<targetPk>9951512E-9ED7-4DE8-D3EA-C920E8177774</targetPk>
<identifying>false</identifying>
<nameOnSource>representado por</nameOnSource>
<nameOnTarget>representa</nameOnTarget>
<optionalSource>true</optionalSource>
<optionalTarget>false</optionalTarget>
<sourceCardinality>*</sourceCardinality>
<sourceEntity>CFFA1535-A9C0-C57B-F3A4-23753D423738</sourceEntity>
<targetCardinalityString>1</targetCardinalityString>
<targetEntity>50177555-6536-D357-71D3-6DD02CC3B9EA</targetEntity>
<transferable>true</transferable>
<deleteRule>NO ACTION</deleteRule>
</Relation>