<?xml version = '1.0' encoding = 'UTF-8'?>
<Relation class="oracle.dbtools.crest.model.design.logical.Relation" name="Relation_5" directorySegmentName="seg_0" id="342DA01B-2550-6FA7-02FC-D46281E74DBF">
<createdBy>alexa</createdBy>
<createdTime>2025-08-30 02:59:34 UTC</createdTime>
<ownerDesignName>Residencias_VivirMejor</ownerDesignName>
<engineerTo>
<item key="0B8FA52E-632E-6058-641F-78150DD3745A" value="true"/>
</engineerTo>
<sourcePk>85FFE23F-B7D9-B4AD-F03F-26E953CF298E</sourcePk>
<targetPk>087092A1-DD1A-930A-266F-A58F13808CE6</targetPk>
<identifying>false</identifying>
<nameOnSource>asignado</nameOnSource>
<nameOnTarget>tiene</nameOnTarget>
<optionalSource>false</optionalSource>
<optionalTarget>true</optionalTarget>
<sourceCardinality>*</sourceCardinality>
<sourceEntity>CFFA1535-A9C0-C57B-F3A4-23753D423738</sourceEntity>
<targetCardinalityString>1</targetCardinalityString>
<targetEntity>533D3D01-D083-4BA9-42D6-6C36E7BAF9C6</targetEntity>
<transferable>true</transferable>
<deleteRule>NO ACTION</deleteRule>
</Relation>