<?xml version = '1.0' encoding = 'UTF-8'?>
<Relation class="oracle.dbtools.crest.model.design.logical.Relation" name="Relation_3" directorySegmentName="seg_0" id="7D240B14-1C68-729B-A661-751A19559780">
<createdBy>alexa</createdBy>
<createdTime>2025-08-30 02:54:05 UTC</createdTime>
<ownerDesignName>Residencias_VivirMejor</ownerDesignName>
<engineerTo>
<item key="0B8FA52E-632E-6058-641F-78150DD3745A" value="true"/>
</engineerTo>
<sourcePk>8D4B4B01-4ABB-4C0F-8144-B2ECCB2F847C</sourcePk>
<identifying>false</identifying>
<nameOnSource>tiene</nameOnSource>
<nameOnTarget>asignado a</nameOnTarget>
<optionalSource>true</optionalSource>
<optionalTarget>false</optionalTarget>
<sourceCardinality>1</sourceCardinality>
<sourceEntity>F090FCEB-C966-17F0-1329-E13BB82A06FE</sourceEntity>
<targetCardinalityString>*</targetCardinalityString>
<targetEntity>CFFA1535-A9C0-C57B-F3A4-23753D423738</targetEntity>
<transferable>true</transferable>
<deleteRule>NO ACTION</deleteRule>
</Relation>