<?xml version = '1.0' encoding = 'UTF-8'?>
<Relation class="oracle.dbtools.crest.model.design.logical.Relation" name="Relation_2" directorySegmentName="seg_0" id="B3481B8B-C212-124E-98C5-23A276AC1471">
<createdBy>alexa</createdBy>
<createdTime>2025-08-30 02:09:40 UTC</createdTime>
<ownerDesignName>Residencias_VivirMejor</ownerDesignName>
<engineerTo>
<item key="0B8FA52E-632E-6058-641F-78150DD3745A" value="true"/>
</engineerTo>
<targetPk>A1BA4B43-467F-40FE-9351-81D9094778FF</targetPk>
<identifying>false</identifying>
<nameOnSource>supervisa</nameOnSource>
<optionalSource>true</optionalSource>
<optionalTarget>true</optionalTarget>
<sourceCardinality>1</sourceCardinality>
<sourceEntity>167A7A80-84DA-3C1A-DE6C-8238F61E6521</sourceEntity>
<targetCardinalityString>*</targetCardinalityString>
<targetEntity>167A7A80-84DA-3C1A-DE6C-8238F61E6521</targetEntity>
<transferable>true</transferable>
<deleteRule>NO ACTION</deleteRule>
</Relation>