<?xml version = '1.0' encoding = 'UTF-8'?>
<Relation class="oracle.dbtools.crest.model.design.logical.Relation" name="Relation_10" directorySegmentName="seg_0" id="B4D95E9E-0507-FEE6-FE8F-7EDC8AD207E4">
<createdBy>alexa</createdBy>
<createdTime>2025-08-30 04:28:20 UTC</createdTime>
<ownerDesignName>Residencias_VivirMejor</ownerDesignName>
<engineerTo>
<item key="0B8FA52E-632E-6058-641F-78150DD3745A" value="true"/>
</engineerTo>
<sourcePk>99DF371F-31BF-55D7-B8A2-6EA5EF51027F</sourcePk>
<identifying>false</identifying>
<nameOnSource>tiene</nameOnSource>
<nameOnTarget>tiene</nameOnTarget>
<optionalSource>true</optionalSource>
<optionalTarget>false</optionalTarget>
<sourceCardinality>1</sourceCardinality>
<sourceEntity>A74EEAD2-D5BA-DC98-58BE-6AF4675C3E89</sourceEntity>
<targetCardinalityString>*</targetCardinalityString>
<targetEntity>DDF727E7-3FF4-DCDE-3B77-ACB004C3C273</targetEntity>
<transferable>true</transferable>
<deleteRule>NO ACTION</deleteRule>
</Relation>