<?xml version = '1.0' encoding = 'UTF-8'?>
<Relation class="oracle.dbtools.crest.model.design.logical.Relation" name="Relation_11" directorySegmentName="seg_0" id="B76F35BD-B165-313E-0526-0BADF3286E42">
<createdBy>alexa</createdBy>
<createdTime>2025-08-30 04:29:32 UTC</createdTime>
<ownerDesignName>Residencias_VivirMejor</ownerDesignName>
<engineerTo>
<item key="0B8FA52E-632E-6058-641F-78150DD3745A" value="true"/>
</engineerTo>
<targetPk>85FFE23F-B7D9-B4AD-F03F-26E953CF298E</targetPk>
<identifying>false</identifying>
<nameOnSource>tiene un</nameOnSource>
<nameOnTarget>tiene un</nameOnTarget>
<optionalSource>false</optionalSource>
<optionalTarget>false</optionalTarget>
<sourceCardinality>1</sourceCardinality>
<sourceEntity>DDF727E7-3FF4-DCDE-3B77-ACB004C3C273</sourceEntity>
<targetCardinalityString>1</targetCardinalityString>
<targetEntity>CFFA1535-A9C0-C57B-F3A4-23753D423738</targetEntity>
<transferable>true</transferable>
<deleteRule>NO ACTION</deleteRule>
</Relation>