<?xml version = '1.0' encoding = 'UTF-8'?>
<Relation class="oracle.dbtools.crest.model.design.logical.Relation" name="Relation_1" directorySegmentName="seg_0" id="C8A3F52E-F6D1-0C6A-3B7E-12D223591224">
<createdBy>alexa</createdBy>
<createdTime>2025-08-30 02:06:16 UTC</createdTime>
<ownerDesignName>Residencias_VivirMejor</ownerDesignName>
<engineerTo>
<item key="0B8FA52E-632E-6058-641F-78150DD3745A" value="true"/>
</engineerTo>
<sourcePk>8D4B4B01-4ABB-4C0F-8144-B2ECCB2F847C</sourcePk>
<identifying>false</identifying>
<nameOnSource>tiene</nameOnSource>
<nameOnTarget>asignado</nameOnTarget>
<optionalSource>true</optionalSource>
<optionalTarget>false</optionalTarget>
<sourceCardinality>1</sourceCardinality>
<sourceEntity>F090FCEB-C966-17F0-1329-E13BB82A06FE</sourceEntity>
<targetCardinalityString>*</targetCardinalityString>
<targetEntity>A8F5CDCE-9F65-C9F2-549C-2FF7A1BB77E6</targetEntity>
<transferable>true</transferable>
<deleteRule>NO ACTION</deleteRule>
</Relation>