<?xml version = '1.0' encoding = 'UTF-8'?>
<Relation class="oracle.dbtools.crest.model.design.logical.Relation" name="Relation_4" directorySegmentName="seg_0" id="E4700185-ADF3-D3C9-B40B-83418D969AD4">
<createdBy>alexa</createdBy>
<createdTime>2025-08-30 02:55:28 UTC</createdTime>
<ownerDesignName>Residencias_VivirMejor</ownerDesignName>
<engineerTo>
<item key="0B8FA52E-632E-6058-641F-78150DD3745A" value="true"/>
</engineerTo>
<sourcePk>8D4B4B01-4ABB-4C0F-8144-B2ECCB2F847C</sourcePk>
<identifying>false</identifying>
<optionalSource>true</optionalSource>
<optionalTarget>false</optionalTarget>
<sourceCardinality>1</sourceCardinality>
<sourceEntity>F090FCEB-C966-17F0-1329-E13BB82A06FE</sourceEntity>
<targetCardinalityString>*</targetCardinalityString>
<targetEntity>533D3D01-D083-4BA9-42D6-6C36E7BAF9C6</targetEntity>
<transferable>true</transferable>
<deleteRule>NO ACTION</deleteRule>
</Relation>