<?xml version = '1.0' encoding = 'UTF-8'?>
<Relation class="oracle.dbtools.crest.model.design.logical.Relation" name="Relation_7" directorySegmentName="seg_0" id="E8DA5FBF-7EBD-3684-AC38-4948961BECE8">
<createdBy>alexa</createdBy>
<createdTime>2025-08-30 03:37:04 UTC</createdTime>
<ownerDesignName>Residencias_VivirMejor</ownerDesignName>
<engineerTo>
<item key="0B8FA52E-632E-6058-641F-78150DD3745A" value="true"/>
</engineerTo>
<identifying>false</identifying>
<nameOnSource>tiene</nameOnSource>
<nameOnTarget>tiene</nameOnTarget>
<optionalSource>false</optionalSource>
<optionalTarget>true</optionalTarget>
<sourceCardinality>*</sourceCardinality>
<sourceEntity>50177555-6536-D357-71D3-6DD02CC3B9EA</sourceEntity>
<targetCardinalityString>*</targetCardinalityString>
<targetEntity>A74EEAD2-D5BA-DC98-58BE-6AF4675C3E89</targetEntity>
<transferable>true</transferable>
<deleteRule>NO ACTION</deleteRule>
</Relation>