<?xml version = '1.0' encoding = 'UTF-8'?>
<Entity class="oracle.dbtools.crest.model.design.logical.Entity" directorySegmentName="seg_0" id="167A7A80-84DA-3C1A-DE6C-8238F61E6521" name="MEDICO">
<createdBy>alexa</createdBy>
<createdTime>2025-08-30 01:53:25 UTC</createdTime>
<ownerDesignName>Residencias_VivirMejor</ownerDesignName>
<engineerTo>
<item key="0B8FA52E-632E-6058-641F-78150DD3745A" value="true"/>
</engineerTo>
<adequatelyNormalized>NO</adequatelyNormalized>
<expectedVolumes>0</expectedVolumes>
<fwdEngineeringStrategyName>Single Table</fwdEngineeringStrategyName>
<growthPercent>0</growthPercent>
<growthType>Year</growthType>
<hierarchicalParent>A8F5CDCE-9F65-C9F2-549C-2FF7A1BB77E6</hierarchicalParent>
<maxVolumes>9999999</maxVolumes>
<minVolumes>0</minVolumes>
<normalForm>Third</normalForm>
<attributes itemClass="oracle.dbtools.crest.model.design.logical.Attribute">
<Attribute name="especialidad" id="64B0648B-AC15-F975-1512-635015D7B31A">
<createdBy>alexa</createdBy>
<createdTime>2025-08-30 01:53:40 UTC</createdTime>
<ownerDesignName>Residencias_VivirMejor</ownerDesignName>
<engineerTo>
<item key="0B8FA52E-632E-6058-641F-78150DD3745A" value="true"/>
</engineerTo>
<nullsAllowed>true</nullsAllowed>
<useDomainConstraints>false</useDomainConstraints>
<use>1</use>
<logicalDatatype>LOGDT024</logicalDatatype>
<dataTypeSize>25 CHAR</dataTypeSize>
<ownDataTypeParameters>25 CHAR,,</ownDataTypeParameters>
</Attribute>
<Attribute name="rut" id="8FEF4825-E67E-7BFF-A628-7BE4C22B8A40">
<createdBy>alexa</createdBy>
<createdTime>2025-08-30 02:09:40 UTC</createdTime>
<generatorID>B3481B8B-C212-124E-98C5-23A276AC1471</generatorID>
<ownerDesignName>Residencias_VivirMejor</ownerDesignName>
<engineerTo>
<item key="0B8FA52E-632E-6058-641F-78150DD3745A" value="true"/>
</engineerTo>
<nullsAllowed>true</nullsAllowed>
<referedAttribute>3726C8A4-C692-6F4E-139E-D9711D01C9DB</referedAttribute>
<useDomainConstraints>false</useDomainConstraints>
<use>1</use>
<logicalDatatype>LOGDT024</logicalDatatype>
<dataTypeSize>12 CHAR</dataTypeSize>
<ownDataTypeParameters>,,</ownDataTypeParameters>
</Attribute>
</attributes>
</Entity>