<?xml version = '1.0' encoding = 'UTF-8'?>
<Entity class="oracle.dbtools.crest.model.design.logical.Entity" directorySegmentName="seg_0" id="533D3D01-D083-4BA9-42D6-6C36E7BAF9C6" name="HABITACION">
<createdBy>alexa</createdBy>
<createdTime>2025-08-30 02:01:46 UTC</createdTime>
<ownerDesignName>Residencias_VivirMejor</ownerDesignName>
<engineerTo>
<item key="0B8FA52E-632E-6058-641F-78150DD3745A" value="true"/>
</engineerTo>
<adequatelyNormalized>NO</adequatelyNormalized>
<expectedVolumes>0</expectedVolumes>
<fwdEngineeringStrategyName>Single Table</fwdEngineeringStrategyName>
<growthPercent>0</growthPercent>
<growthType>Year</growthType>
<maxVolumes>9999999</maxVolumes>
<minVolumes>0</minVolumes>
<normalForm>Third</normalForm>
<attributes itemClass="oracle.dbtools.crest.model.design.logical.Attribute">
<Attribute name="num_habitacion" id="9B97AA01-5218-A7D0-21ED-02D60900A555">
<createdBy>alexa</createdBy>
<createdTime>2025-08-30 02:02:39 UTC</createdTime>
<ownerDesignName>Residencias_VivirMejor</ownerDesignName>
<engineerTo>
<item key="0B8FA52E-632E-6058-641F-78150DD3745A" value="true"/>
</engineerTo>
<useDomainConstraints>false</useDomainConstraints>
<use>1</use>
<logicalDatatype>LOGDT011</logicalDatatype>
<ownDataTypeParameters>,,</ownDataTypeParameters>
</Attribute>
<Attribute name="tipo" id="CB44704F-F83F-B7EC-FED4-E2FE24E9616E">
<createdBy>alexa</createdBy>
<createdTime>2025-08-30 02:53:06 UTC</createdTime>
<ownerDesignName>Residencias_VivirMejor</ownerDesignName>
<engineerTo>
<item key="0B8FA52E-632E-6058-641F-78150DD3745A" value="true"/>
</engineerTo>
<useDomainConstraints>false</useDomainConstraints>
<use>1</use>
<logicalDatatype>LOGDT024</logicalDatatype>
<dataTypeSize>20 CHAR</dataTypeSize>
<ownDataTypeParameters>20 CHAR,,</ownDataTypeParameters>
</Attribute>
<Attribute name="id_residencia" id="3ED18C85-D3C9-2210-2711-1408103754EC">
<createdBy>alexa</createdBy>
<createdTime>2025-08-30 02:55:28 UTC</createdTime>
<generatorID>E4700185-ADF3-D3C9-B40B-83418D969AD4</generatorID>
<ownerDesignName>Residencias_VivirMejor</ownerDesignName>
<engineerTo>
<item key="0B8FA52E-632E-6058-641F-78150DD3745A" value="true"/>
</engineerTo>
<referedAttribute>39222BDD-8D25-8931-EB1B-0DEE4CD557A0</referedAttribute>
<useDomainConstraints>false</useDomainConstraints>
<use>1</use>
<logicalDatatype>LOGDT011</logicalDatatype>
<ownDataTypeParameters>,,</ownDataTypeParameters>
</Attribute>
</attributes>
<identifiers itemClass="oracle.dbtools.crest.model.design.logical.CandidateKey">
<identifier id="087092A1-DD1A-930A-266F-A58F13808CE6" name="HABITACION PK">
<createdBy>alexa</createdBy>
<createdTime>2025-08-30 02:03:01 UTC</createdTime>
<ownerDesignName>Residencias_VivirMejor</ownerDesignName>
<engineerTo>
<item key="0B8FA52E-632E-6058-641F-78150DD3745A" value="true"/>
</engineerTo>
<pk>true</pk>
<usedAttributes>
<attributeRef>9B97AA01-5218-A7D0-21ED-02D60900A555</attributeRef>
</usedAttributes>
</identifier>
</identifiers>
</Entity>