<?xml version = '1.0' encoding = 'UTF-8'?>
<Entity class="oracle.dbtools.crest.model.design.logical.Entity" directorySegmentName="seg_0" id="A8F5CDCE-9F65-C9F2-549C-2FF7A1BB77E6" name="PERSONAL">
<createdBy>alexa</createdBy>
<createdTime>2025-08-30 01:30:42 UTC</createdTime>
<ownerDesignName>Residencias_VivirMejor</ownerDesignName>
<engineerTo>
<item key="0B8FA52E-632E-6058-641F-78150DD3745A" value="true"/>
</engineerTo>
<adequatelyNormalized>NO</adequatelyNormalized>
<expectedVolumes>0</expectedVolumes>
<fwdEngineeringStrategyName>Single Table</fwdEngineeringStrategyName>
<growthPercent>0</growthPercent>
<growthType>Year</growthType>
<maxVolumes>9999999</maxVolumes>
<minVolumes>0</minVolumes>
<normalForm>Third</normalForm>
<attributes itemClass="oracle.dbtools.crest.model.design.logical.Attribute">
<Attribute name="rut" id="3726C8A4-C692-6F4E-139E-D9711D01C9DB">
<createdBy>alexa</createdBy>
<createdTime>2025-08-30 01:31:57 UTC</createdTime>
<ownerDesignName>Residencias_VivirMejor</ownerDesignName>
<engineerTo>
<item key="0B8FA52E-632E-6058-641F-78150DD3745A" value="true"/>
</engineerTo>
<useDomainConstraints>false</useDomainConstraints>
<use>1</use>
<logicalDatatype>LOGDT024</logicalDatatype>
<dataTypeSize>12 CHAR</dataTypeSize>
<ownDataTypeParameters>12 CHAR,,</ownDataTypeParameters>
</Attribute>
<Attribute name="nombre" id="031FDD99-88D9-ABD9-E005-898B1A08C3EB">
<createdBy>alexa</createdBy>
<createdTime>2025-08-30 01:32:36 UTC</createdTime>
<ownerDesignName>Residencias_VivirMejor</ownerDesignName>
<engineerTo>
<item key="0B8FA52E-632E-6058-641F-78150DD3745A" value="true"/>
</engineerTo>
<useDomainConstraints>false</useDomainConstraints>
<use>1</use>
<logicalDatatype>LOGDT024</logicalDatatype>
<dataTypeSize>25</dataTypeSize>
<ownDataTypeParameters>25,,</ownDataTypeParameters>
</Attribute>
<Attribute name="apellido_paterno" id="5435166D-763A-A2F1-2B67-A69B99DE1FB9">
<createdBy>alexa</createdBy>
<createdTime>2025-08-30 01:32:56 UTC</createdTime>
<ownerDesignName>Residencias_VivirMejor</ownerDesignName>
<engineerTo>
<item key="0B8FA52E-632E-6058-641F-78150DD3745A" value="true"/>
</engineerTo>
<useDomainConstraints>false</useDomainConstraints>
<use>1</use>
<logicalDatatype>LOGDT024</logicalDatatype>
<dataTypeSize>25 CHAR</dataTypeSize>
<ownDataTypeParameters>25 CHAR,,</ownDataTypeParameters>
</Attribute>
<Attribute name="apellido_materno" id="6ECCA0A1-A0A8-D264-C3AD-A554EF834630">
<createdBy>alexa</createdBy>
<createdTime>2025-08-30 01:33:18 UTC</createdTime>
<ownerDesignName>Residencias_VivirMejor</ownerDesignName>
<engineerTo>
<item key="0B8FA52E-632E-6058-641F-78150DD3745A" value="true"/>
</engineerTo>
<nullsAllowed>true</nullsAllowed>
<useDomainConstraints>false</useDomainConstraints>
<use>1</use>
<logicalDatatype>LOGDT024</logicalDatatype>
<ownDataTypeParameters>,,</ownDataTypeParameters>
</Attribute>
<Attribute name="fecha_ingreso" id="724D4A98-C257-1771-CB20-C2CF3A4164EC">
<createdBy>alexa</createdBy>
<createdTime>2025-08-30 01:34:59 UTC</createdTime>
<ownerDesignName>Residencias_VivirMejor</ownerDesignName>
<engineerTo>
<item key="0B8FA52E-632E-6058-641F-78150DD3745A" value="true"/>
</engineerTo>
<useDomainConstraints>false</useDomainConstraints>
<use>1</use>
<logicalDatatype>LOGDT007</logicalDatatype>
<ownDataTypeParameters>,,</ownDataTypeParameters>
</Attribute>
<Attribute name="id_residencia" id="0D807BB2-0A82-F20A-3EE4-891B1E5D9276">
<createdBy>alexa</createdBy>
<createdTime>2025-08-30 02:06:16 UTC</createdTime>
<generatorID>C8A3F52E-F6D1-0C6A-3B7E-12D223591224</generatorID>
<ownerDesignName>Residencias_VivirMejor</ownerDesignName>
<engineerTo>
<item key="0B8FA52E-632E-6058-641F-78150DD3745A" value="true"/>
</engineerTo>
<referedAttribute>39222BDD-8D25-8931-EB1B-0DEE4CD557A0</referedAttribute>
<useDomainConstraints>false</useDomainConstraints>
<use>1</use>
<logicalDatatype>LOGDT011</logicalDatatype>
<ownDataTypeParameters>,,</ownDataTypeParameters>
</Attribute>
</attributes>
<identifiers itemClass="oracle.dbtools.crest.model.design.logical.CandidateKey">
<identifier id="A1BA4B43-467F-40FE-9351-81D9094778FF" name="PERSONAL PK">
<createdBy>alexa</createdBy>
<createdTime>2025-08-30 01:32:18 UTC</createdTime>
<ownerDesignName>Residencias_VivirMejor</ownerDesignName>
<engineerTo>
<item key="0B8FA52E-632E-6058-641F-78150DD3745A" value="true"/>
</engineerTo>
<pk>true</pk>
<usedAttributes>
<attributeRef>3726C8A4-C692-6F4E-139E-D9711D01C9DB</attributeRef>
</usedAttributes>
</identifier>
</identifiers>
</Entity>