<?xml version = '1.0' encoding = 'UTF-8'?>
<Entity class="oracle.dbtools.crest.model.design.logical.Entity" directorySegmentName="seg_0" id="DDF727E7-3FF4-DCDE-3B77-ACB004C3C273" name="ANEXO">
<createdBy>alexa</createdBy>
<createdTime>2025-08-30 03:11:18 UTC</createdTime>
<ownerDesignName>Residencias_VivirMejor</ownerDesignName>
<engineerTo>
<item key="0B8FA52E-632E-6058-641F-78150DD3745A" value="true"/>
</engineerTo>
<adequatelyNormalized>NO</adequatelyNormalized>
<expectedVolumes>0</expectedVolumes>
<fwdEngineeringStrategyName>Single Table</fwdEngineeringStrategyName>
<growthPercent>0</growthPercent>
<growthType>Year</growthType>
<maxVolumes>9999999</maxVolumes>
<minVolumes>0</minVolumes>
<normalForm>Third</normalForm>
<attributes itemClass="oracle.dbtools.crest.model.design.logical.Attribute">
<Attribute name="residente_incluido" id="C0FB0423-BE8F-DB39-E548-F866860A3D31">
<createdBy>alexa</createdBy>
<createdTime>2025-08-30 03:18:04 UTC</createdTime>
<ownerDesignName>Residencias_VivirMejor</ownerDesignName>
<engineerTo>
<item key="0B8FA52E-632E-6058-641F-78150DD3745A" value="true"/>
</engineerTo>
<useDomainConstraints>false</useDomainConstraints>
<use>1</use>
<logicalDatatype>LOGDT024</logicalDatatype>
<dataTypeSize>50 CHAR</dataTypeSize>
<ownDataTypeParameters>50 CHAR,,</ownDataTypeParameters>
</Attribute>
<Attribute name="fecha_ingreso" id="D903B9C9-69BE-70C3-0221-735806E3E897">
<createdBy>alexa</createdBy>
<createdTime>2025-08-30 03:18:40 UTC</createdTime>
<ownerDesignName>Residencias_VivirMejor</ownerDesignName>
<engineerTo>
<item key="0B8FA52E-632E-6058-641F-78150DD3745A" value="true"/>
</engineerTo>
<useDomainConstraints>false</useDomainConstraints>
<use>1</use>
<logicalDatatype>LOGDT007</logicalDatatype>
<ownDataTypeParameters>,,</ownDataTypeParameters>
</Attribute>
<Attribute name="fecha_termino" id="1FC1ABF2-6B9D-937E-E47F-4655368A2ACA">
<createdBy>alexa</createdBy>
<createdTime>2025-08-30 03:19:09 UTC</createdTime>
<ownerDesignName>Residencias_VivirMejor</ownerDesignName>
<engineerTo>
<item key="0B8FA52E-632E-6058-641F-78150DD3745A" value="true"/>
</engineerTo>
<nullsAllowed>true</nullsAllowed>
<useDomainConstraints>false</useDomainConstraints>
<use>1</use>
<logicalDatatype>LOGDT007</logicalDatatype>
<ownDataTypeParameters>,,</ownDataTypeParameters>
</Attribute>
<Attribute name="observaciones" id="964587A7-D870-98A0-8837-EBD24215EEF3">
<createdBy>alexa</createdBy>
<createdTime>2025-08-30 03:19:23 UTC</createdTime>
<ownerDesignName>Residencias_VivirMejor</ownerDesignName>
<engineerTo>
<item key="0B8FA52E-632E-6058-641F-78150DD3745A" value="true"/>
</engineerTo>
<nullsAllowed>true</nullsAllowed>
<useDomainConstraints>false</useDomainConstraints>
<use>1</use>
<logicalDatatype>LOGDT024</logicalDatatype>
<dataTypeSize>200 CHAR</dataTypeSize>
<ownDataTypeParameters>200 CHAR,,</ownDataTypeParameters>
</Attribute>
<Attribute name="id_contrato" id="E876D009-E133-482F-9F80-479DF71F70D9">
<createdBy>alexa</createdBy>
<createdTime>2025-08-30 04:28:20 UTC</createdTime>
<generatorID>B4D95E9E-0507-FEE6-FE8F-7EDC8AD207E4</generatorID>
<ownerDesignName>Residencias_VivirMejor</ownerDesignName>
<engineerTo>
<item key="0B8FA52E-632E-6058-641F-78150DD3745A" value="true"/>
</engineerTo>
<referedAttribute>FD27CD37-4C12-9FE1-D453-2B10B559B84A</referedAttribute>
<useDomainConstraints>false</useDomainConstraints>
<use>1</use>
<logicalDatatype>LOGDT024</logicalDatatype>
<dataTypeSize>10 CHAR</dataTypeSize>
<ownDataTypeParameters>,,</ownDataTypeParameters>
</Attribute>
<Attribute name="rut" id="DE77A773-C43D-80C1-A902-20E57FBACEA6">
<createdBy>alexa</createdBy>
<createdTime>2025-08-30 04:29:38 UTC</createdTime>
<generatorID>B76F35BD-B165-313E-0526-0BADF3286E42</generatorID>
<ownerDesignName>Residencias_VivirMejor</ownerDesignName>
<engineerTo>
<item key="0B8FA52E-632E-6058-641F-78150DD3745A" value="true"/>
</engineerTo>
<referedAttribute>2CBCE709-D978-3FF0-4F2A-BB1A4D6D1989</referedAttribute>
<useDomainConstraints>false</useDomainConstraints>
<use>1</use>
<logicalDatatype>LOGDT024</logicalDatatype>
<dataTypeSize>15 CHAR</dataTypeSize>
<ownDataTypeParameters>,,</ownDataTypeParameters>
</Attribute>
</attributes>
</Entity>