<?xml version = '1.0' encoding = 'UTF-8'?>
<Diagram class="oracle.dbtools.crest.swingui.relational.DPVRelational" name="Relational_1" id="B1084E52-76A1-23CA-1698-F24029D1769A">
<createdBy>alexa</createdBy>
<modifiedBy>alexa</modifiedBy>
<createdTime>2025-09-15 21:58:25 UTC</createdTime>
<autoRoute>false</autoRoute>
<boxInbox>true</boxInbox>
<showLegend>false</showLegend>
<showLabels>false</showLabels>
<showRelAttributes>false</showRelAttributes>
<gridEnabled>false</gridEnabled>
<showGrid>false</showGrid>
<diagramColor>-1</diagramColor>
<display>false</display>
<notation>1</notation>
<objectViews>
<OView class="oracle.dbtools.crest.swingui.relational.TVTable" oid="1C9457D1-E3B4-E247-2CAD-EA0B8F59E716" otype="Table" vid="A7ED314D-4599-0276-3350-92DFF7B9DD12">
<hideElementsInCurrentOnly>false</hideElementsInCurrentOnly>
<bounds x="52" y="19" width="486" height="226"/>
</OView>
<OView class="oracle.dbtools.crest.swingui.relational.TVTable" oid="3979BE4E-9CB5-8E14-6CB3-6CF59A396B9B" otype="Table" vid="50C5153D-765F-C18A-381D-31E1A2B6348C">
<hideElementsInCurrentOnly>false</hideElementsInCurrentOnly>
<bounds x="805" y="243" width="229" height="108"/>
</OView>
<OView class="oracle.dbtools.crest.swingui.relational.TVTable" oid="5A5F5464-1E81-F6B8-4185-4DE496D54414" otype="Table" vid="C9558980-EE33-00C6-93BD-AAC59BA9F5F3">
<hideElementsInCurrentOnly>false</hideElementsInCurrentOnly>
<bounds x="229" y="294" width="342" height="178"/>
</OView>
<OView class="oracle.dbtools.crest.swingui.relational.TVTable" oid="6A4A27CA-394F-6560-2055-449DA99DBF3A" otype="Table" vid="7C371658-9F0F-5BC5-7E6A-59C1F73B2D66">
<hideElementsInCurrentOnly>false</hideElementsInCurrentOnly>
<bounds x="975" y="158" width="180" height="60"/>
</OView>
<OView class="oracle.dbtools.crest.swingui.relational.TVTable" oid="700EDA24-E6FE-830E-9A41-D420EFEB0835" otype="Table" vid="D8548420-1234-2158-92DA-568BFF566D04">
<hideElementsInCurrentOnly>false</hideElementsInCurrentOnly>
<bounds x="562" y="233" width="226" height="108"/>
</OView>
<OView class="oracle.dbtools.crest.swingui.relational.TVTable" oid="72C08D3B-7191-D58D-FAB6-25C6E9415B33" otype="Table" vid="9264CD2E-C709-2EB4-87C8-9A5B29DC4CA3">
<hideElementsInCurrentOnly>false</hideElementsInCurrentOnly>
<bounds x="435" y="539" width="238" height="74"/>
</OView>
<OView class="oracle.dbtools.crest.swingui.relational.TVTable" oid="7D37B8F7-FBFA-7DD3-2379-C3A3F71176CE" otype="Table" vid="43D34B68-7959-CF5E-1A74-AA7E38CDC8A1">
<hideElementsInCurrentOnly>false</hideElementsInCurrentOnly>
<bounds x="898" y="369" width="234" height="74"/>
</OView>
<OView class="oracle.dbtools.crest.swingui.relational.TVTable" oid="7F9EDC6F-B3A3-A0D5-3429-3B5FC49E7544" otype="Table" vid="BFDA848C-5C06-177F-4D69-73BF00BF38CA">
<hideElementsInCurrentOnly>false</hideElementsInCurrentOnly>
<bounds x="11" y="494" width="299" height="135"/>
</OView>
<OView class="oracle.dbtools.crest.swingui.relational.TVTable" oid="90E190AD-3F09-39A8-6C33-209F7D5ACA0B" otype="Table" vid="F628675C-32DB-72BA-3428-BC68A34C64BE">
<hideElementsInCurrentOnly>false</hideElementsInCurrentOnly>
<bounds x="934" y="20" width="245" height="94"/>
</OView>
<OView class="oracle.dbtools.crest.swingui.relational.TVTable" oid="A180BD3E-3ABA-D492-3CBB-86683969C338" otype="Table" vid="0261DEFD-A318-0165-7D3D-8A54C8620F65">
<hideElementsInCurrentOnly>false</hideElementsInCurrentOnly>
<bounds x="610" y="7" width="271" height="164"/>
</OView>
<OView class="oracle.dbtools.crest.swingui.relational.TVTable" oid="E8B52B33-A35B-6693-8397-CA1E18B2A0E8" otype="Table" vid="42C3EBF9-5719-88DF-5302-A7E46414757D">
<hideElementsInCurrentOnly>false</hideElementsInCurrentOnly>
<bounds x="925" y="473" width="196" height="74"/>
</OView>
</objectViews>
<connectors>
<Connector class="oracle.dbtools.crest.swingui.relational.TVFKRelation" oid="02E9C776-0B45-18CE-22F3-D76A1EE9BE1B" otype="FKIndexAssociation" vid_source="9264CD2E-C709-2EB4-87C8-9A5B29DC4CA3" vid_target="C9558980-EE33-00C6-93BD-AAC59BA9F5F3">
<hideElementsInCurrentOnly>false</hideElementsInCurrentOnly>
<backgroundColor>-16777216</backgroundColor>
<lineWidth>1</lineWidth>
<points>
<point x="503" y="539"/>
<point x="503" y="472"/>
</points>
</Connector>
<Connector class="oracle.dbtools.crest.swingui.relational.TVFKRelation" oid="0C6BA0B1-C51B-5739-E971-BF4A15704D1F" otype="FKIndexAssociation" vid_source="F628675C-32DB-72BA-3428-BC68A34C64BE" vid_target="0261DEFD-A318-0165-7D3D-8A54C8620F65">
<hideElementsInCurrentOnly>false</hideElementsInCurrentOnly>
<backgroundColor>-16777216</backgroundColor>
<lineWidth>1</lineWidth>
<points>
<point x="934" y="67"/>
<point x="881" y="67"/>
</points>
</Connector>
<Connector class="oracle.dbtools.crest.swingui.relational.TVFKRelation" oid="1BF8ADFB-C4B5-8D9E-B598-BFAC2DDD41A0" otype="FKIndexAssociation" vid_source="0261DEFD-A318-0165-7D3D-8A54C8620F65" vid_target="D8548420-1234-2158-92DA-568BFF566D04">
<hideElementsInCurrentOnly>false</hideElementsInCurrentOnly>
<backgroundColor>-16777216</backgroundColor>
<lineWidth>1</lineWidth>
<points>
<point x="699" y="171"/>
<point x="699" y="233"/>
</points>
</Connector>
<Connector class="oracle.dbtools.crest.swingui.relational.TVFKRelation" oid="2F3E7A75-F63C-FC5B-81D6-96C31AFEEDBA" otype="FKIndexAssociation" vid_source="C9558980-EE33-00C6-93BD-AAC59BA9F5F3" vid_target="A7ED314D-4599-0276-3350-92DFF7B9DD12">
<hideElementsInCurrentOnly>false</hideElementsInCurrentOnly>
<backgroundColor>-16777216</backgroundColor>
<lineWidth>1</lineWidth>
<points>
<point x="383" y="294"/>
<point x="383" y="245"/>
</points>
</Connector>
<Connector class="oracle.dbtools.crest.swingui.relational.TVFKRelation" oid="3A3A6D57-E965-0D3E-9D07-25ED8F776B1B" otype="FKIndexAssociation" vid_source="42C3EBF9-5719-88DF-5302-A7E46414757D" vid_target="C9558980-EE33-00C6-93BD-AAC59BA9F5F3">
<hideElementsInCurrentOnly>false</hideElementsInCurrentOnly>
<backgroundColor>-16777216</backgroundColor>
<lineWidth>1</lineWidth>
<points>
<point x="925" y="490"/>
<point x="571" y="417"/>
</points>
</Connector>
<Connector class="oracle.dbtools.crest.swingui.relational.TVFKRelation" oid="636AA470-1A30-613B-B790-920832CA52FD" otype="FKIndexAssociation" vid_source="A7ED314D-4599-0276-3350-92DFF7B9DD12" vid_target="BFDA848C-5C06-177F-4D69-73BF00BF38CA">
<hideElementsInCurrentOnly>false</hideElementsInCurrentOnly>
<backgroundColor>-16777216</backgroundColor>
<lineWidth>1</lineWidth>
<points>
<point x="181" y="245"/>
<point x="181" y="494"/>
</points>
</Connector>
<Connector class="oracle.dbtools.crest.swingui.relational.TVFKRelation" oid="671BD690-DE27-4789-1824-10F10E5575E0" otype="FKIndexAssociation" vid_source="0261DEFD-A318-0165-7D3D-8A54C8620F65" vid_target="50C5153D-765F-C18A-381D-31E1A2B6348C">
<hideElementsInCurrentOnly>false</hideElementsInCurrentOnly>
<backgroundColor>-16777216</backgroundColor>
<lineWidth>1</lineWidth>
<points>
<point x="843" y="171"/>
<point x="843" y="243"/>
</points>
</Connector>
<Connector class="oracle.dbtools.crest.swingui.relational.TVFKRelation" oid="69E69830-CBD3-6C28-02A7-91C0C8BCA1B5" otype="FKIndexAssociation" vid_source="0261DEFD-A318-0165-7D3D-8A54C8620F65" vid_target="A7ED314D-4599-0276-3350-92DFF7B9DD12">
<hideElementsInCurrentOnly>false</hideElementsInCurrentOnly>
<backgroundColor>-16777216</backgroundColor>
<lineWidth>1</lineWidth>
<points>
<point x="610" y="95"/>
<point x="538" y="95"/>
</points>
</Connector>
<Connector class="oracle.dbtools.crest.swingui.relational.TVFKRelation" oid="8F7102FC-124C-4665-E303-24CB7322DDE2" otype="FKIndexAssociation" vid_source="BFDA848C-5C06-177F-4D69-73BF00BF38CA" vid_target="A7ED314D-4599-0276-3350-92DFF7B9DD12">
<hideElementsInCurrentOnly>false</hideElementsInCurrentOnly>
<backgroundColor>-16777216</backgroundColor>
<lineWidth>1</lineWidth>
<points>
<point x="196" y="494"/>
<point x="196" y="245"/>
</points>
</Connector>
<Connector class="oracle.dbtools.crest.swingui.relational.TVFKRelation" oid="AD246FD5-4CC3-F092-891E-486DD572CB99" otype="FKIndexAssociation" vid_source="7C371658-9F0F-5BC5-7E6A-59C1F73B2D66" vid_target="F628675C-32DB-72BA-3428-BC68A34C64BE">
<hideElementsInCurrentOnly>false</hideElementsInCurrentOnly>
<backgroundColor>-16777216</backgroundColor>
<lineWidth>1</lineWidth>
<points>
<point x="1065" y="158"/>
<point x="1065" y="114"/>
</points>
</Connector>
<Connector class="oracle.dbtools.crest.swingui.relational.TVFKRelation" oid="B0999C17-1B87-8793-9B95-45367CF34F15" otype="FKIndexAssociation" vid_source="43D34B68-7959-CF5E-1A74-AA7E38CDC8A1" vid_target="C9558980-EE33-00C6-93BD-AAC59BA9F5F3">
<hideElementsInCurrentOnly>false</hideElementsInCurrentOnly>
<backgroundColor>-16777216</backgroundColor>
<lineWidth>1</lineWidth>
<points>
<point x="898" y="406"/>
<point x="571" y="406"/>
</points>
</Connector>
</connectors>
</Diagram>