<?xml version = '1.0' encoding = 'UTF-8'?>
<Diagram class="oracle.dbtools.crest.swingui.logical.DPVLogical" name="Logical" id="D08B279B-DCEC-B708-9796-1791C2A19F43">
<createdBy>alexa</createdBy>
<modifiedBy>alexa</modifiedBy>
<createdTime>2025-09-13 02:21:45 UTC</createdTime>
<autoRoute>false</autoRoute>
<boxInbox>false</boxInbox>
<showLegend>false</showLegend>
<showLabels>true</showLabels>
<showRelAttributes>false</showRelAttributes>
<gridEnabled>false</gridEnabled>
<showGrid>false</showGrid>
<diagramColor>-1</diagramColor>
<display>false</display>
<notation>1</notation>
<objectViews>
<OView class="oracle.dbtools.crest.swingui.logical.TVEntity" oid="0A4A6CE8-7651-3489-13BB-C2ECFE945A60" otype="Entity" vid="D35E3FA9-4248-6AB7-B319-28F1DC11EF5E">
<hideElementsInCurrentOnly>false</hideElementsInCurrentOnly>
<bounds x="5" y="355" width="193" height="88"/>
</OView>
<OView class="oracle.dbtools.crest.swingui.logical.TVEntity" oid="270E471F-B109-DB18-9F0A-46D9BED79704" otype="Entity" vid="C93649E1-4FB7-A997-9D07-BA61B2C44FF4">
<hideElementsInCurrentOnly>false</hideElementsInCurrentOnly>
<bounds x="244" y="251" width="146" height="105"/>
</OView>
<OView class="oracle.dbtools.crest.swingui.logical.TVEntity" oid="509D0131-395C-35C4-8AD9-0AF6BC174E1C" otype="Entity" vid="749DE45B-1A56-BA66-BFA9-0CE49F0D7DF0">
<hideElementsInCurrentOnly>false</hideElementsInCurrentOnly>
<bounds x="1042" y="51" width="126" height="70"/>
</OView>
<OView class="oracle.dbtools.crest.swingui.logical.TVEntity" oid="7C924EAF-E09B-33B6-BD19-204C918FA019" otype="Entity" vid="2ED3FFEC-1018-7738-5E98-3505FD25C5FF">
<hideElementsInCurrentOnly>false</hideElementsInCurrentOnly>
<bounds x="922" y="334" width="129" height="58"/>
</OView>
<OView class="oracle.dbtools.crest.swingui.logical.TVEntity" oid="7E0F1B6A-E9E6-A809-98AD-364E80FF0FA9" otype="Entity" vid="5D3C150D-CF42-F4C4-7049-13C4996CB93F">
<hideElementsInCurrentOnly>false</hideElementsInCurrentOnly>
<bounds x="290" y="183" width="119" height="44"/>
</OView>
<OView class="oracle.dbtools.crest.swingui.logical.TVEntity" oid="8817F74A-33DC-D1FF-4C77-CA41B76A0F29" otype="Entity" vid="DF018A24-7F17-8526-AE5D-D35595CA6399">
<hideElementsInCurrentOnly>false</hideElementsInCurrentOnly>
<bounds x="373" y="25" width="209" height="119"/>
</OView>
<OView class="oracle.dbtools.crest.swingui.logical.TVEntity" oid="88C88B06-167C-F014-319B-F03A84F96675" otype="Entity" vid="1514A08B-DB69-E292-767B-10DA49655ED2">
<hideElementsInCurrentOnly>false</hideElementsInCurrentOnly>
<bounds x="443" y="189" width="114" height="40"/>
</OView>
<OView class="oracle.dbtools.crest.swingui.logical.TVEntity" oid="9E7CF76B-1F18-14EC-61D0-4724E48DC268" otype="Entity" vid="2F8C5BDB-6E7C-526B-A15F-8D940B056403">
<hideElementsInCurrentOnly>false</hideElementsInCurrentOnly>
<bounds x="904" y="229" width="202" height="56"/>
</OView>
<OView class="oracle.dbtools.crest.swingui.logical.TVEntity" oid="A743E8A8-E1E5-78D4-ACD3-66E3F5E2A924" otype="Entity" vid="E7C2B7E4-227E-8A41-7039-D4F120404CA6">
<hideElementsInCurrentOnly>false</hideElementsInCurrentOnly>
<bounds x="745" y="51" width="170" height="72"/>
</OView>
<OView class="oracle.dbtools.crest.swingui.logical.TVEntity" oid="BF6C9A45-442C-55FD-5D93-97CC02AD979A" otype="Entity" vid="8912DC71-64F8-4BC0-70A0-79EFC1C30899">
<hideElementsInCurrentOnly>false</hideElementsInCurrentOnly>
<bounds x="88" y="13" width="138" height="108"/>
</OView>
<OView class="oracle.dbtools.crest.swingui.logical.TVEntity" oid="D62F8E4A-CE6D-6521-4810-B7E6F917112C" otype="Entity" vid="24D97347-2DAA-79E2-F833-0888967A5F71">
<hideElementsInCurrentOnly>false</hideElementsInCurrentOnly>
<bounds x="435" y="526" width="185" height="96"/>
</OView>
</objectViews>
<connectors>
<Connector class="oracle.dbtools.crest.swingui.logical.TVRelation" oid="06CEE784-B30C-6124-4B64-FA7D4AB9B9C5" otype="Relation" vid_source="2ED3FFEC-1018-7738-5E98-3505FD25C5FF" vid_target="C93649E1-4FB7-A997-9D07-BA61B2C44FF4">
<hideElementsInCurrentOnly>false</hideElementsInCurrentOnly>
<backgroundColor>-16777216</backgroundColor>
<lineWidth>1</lineWidth>
<sourceLabel class="oracle.dbtools.crest.model.design.Label">
<site>0</site>
<labelBounds x="844" y="315" width="72" height="30"/>
<noBackgroundColor>true</noBackgroundColor>
<noForegroundColor>true</noForegroundColor>
</sourceLabel>
<targetLabel class="oracle.dbtools.crest.model.design.Label">
<site>2</site>
<labelBounds x="400" y="348" width="60" height="30"/>
<noBackgroundColor>true</noBackgroundColor>
<noForegroundColor>true</noForegroundColor>
</targetLabel>
<points>
<point x="922" y="345"/>
<point x="390" y="345"/>
</points>
</Connector>
<Connector class="oracle.dbtools.crest.swingui.logical.TVRelation" oid="0E899F97-8D8E-150A-8E07-D627BB5A74C2" otype="Relation" vid_source="D35E3FA9-4248-6AB7-B319-28F1DC11EF5E" vid_target="8912DC71-64F8-4BC0-70A0-79EFC1C30899">
<hideElementsInCurrentOnly>false</hideElementsInCurrentOnly>
<backgroundColor>-16777216</backgroundColor>
<lineWidth>1</lineWidth>
<points>
<point x="143" y="355"/>
<point x="143" y="121"/>
</points>
</Connector>
<Connector class="oracle.dbtools.crest.swingui.logical.TVInheritanceRelation" oid="13DE9058-13D7-3729-5218-E0D3859DFA18" otype="Hierarchy relation" vid_source="DF018A24-7F17-8526-AE5D-D35595CA6399" vid_target="1514A08B-DB69-E292-767B-10DA49655ED2">
<hideElementsInCurrentOnly>false</hideElementsInCurrentOnly>
<backgroundColor>-65536</backgroundColor>
<lineWidth>1</lineWidth>
<points>
<point x="500" y="144"/>
<point x="500" y="189"/>
</points>
</Connector>
<Connector class="oracle.dbtools.crest.swingui.logical.TVRelation" oid="46659A5B-C62E-7391-0503-6587C33E0326" otype="Relation" vid_source="24D97347-2DAA-79E2-F833-0888967A5F71" vid_target="C93649E1-4FB7-A997-9D07-BA61B2C44FF4">
<hideElementsInCurrentOnly>false</hideElementsInCurrentOnly>
<backgroundColor>-16777216</backgroundColor>
<lineWidth>1</lineWidth>
<sourceLabel class="oracle.dbtools.crest.model.design.Label">
<site>0</site>
<labelBounds x="490" y="490" width="39" height="30"/>
<noBackgroundColor>true</noBackgroundColor>
<noForegroundColor>true</noForegroundColor>
</sourceLabel>
<targetLabel class="oracle.dbtools.crest.model.design.Label">
<site>2</site>
<labelBounds x="342" y="392" width="39" height="30"/>
<noBackgroundColor>true</noBackgroundColor>
<noForegroundColor>true</noForegroundColor>
</targetLabel>
<points>
<point x="490" y="526"/>
<point x="342" y="356"/>
</points>
</Connector>
<Connector class="oracle.dbtools.crest.swingui.logical.TVRelation" oid="6A1315AF-CBD5-46F7-9BBB-1F402C6E719D" otype="Relation" vid_source="E7C2B7E4-227E-8A41-7039-D4F120404CA6" vid_target="DF018A24-7F17-8526-AE5D-D35595CA6399">
<hideElementsInCurrentOnly>false</hideElementsInCurrentOnly>
<backgroundColor>-16777216</backgroundColor>
<lineWidth>1</lineWidth>
<sourceLabel class="oracle.dbtools.crest.model.design.Label">
<site>0</site>
<labelBounds x="697" y="57" width="42" height="30"/>
<noBackgroundColor>true</noBackgroundColor>
<noForegroundColor>true</noForegroundColor>
</sourceLabel>
<targetLabel class="oracle.dbtools.crest.model.design.Label">
<site>2</site>
<labelBounds x="592" y="90" width="34" height="30"/>
<noBackgroundColor>true</noBackgroundColor>
<noForegroundColor>true</noForegroundColor>
</targetLabel>
<points>
<point x="745" y="87"/>
<point x="582" y="87"/>
</points>
</Connector>
<Connector class="oracle.dbtools.crest.swingui.logical.TVInheritanceRelation" oid="782972DA-1A45-246D-C361-FCD078B32B8F" otype="Hierarchy relation" vid_source="DF018A24-7F17-8526-AE5D-D35595CA6399" vid_target="5D3C150D-CF42-F4C4-7049-13C4996CB93F">
<hideElementsInCurrentOnly>false</hideElementsInCurrentOnly>
<backgroundColor>-65536</backgroundColor>
<lineWidth>1</lineWidth>
<points>
<point x="391" y="144"/>
<point x="391" y="183"/>
</points>
</Connector>
<Connector class="oracle.dbtools.crest.swingui.logical.TVRelation" oid="955C9BC8-A76C-DD0A-CEAA-AC94D06235C3" otype="Relation" vid_source="2F8C5BDB-6E7C-526B-A15F-8D940B056403" vid_target="C93649E1-4FB7-A997-9D07-BA61B2C44FF4">
<hideElementsInCurrentOnly>false</hideElementsInCurrentOnly>
<backgroundColor>-16777216</backgroundColor>
<lineWidth>1</lineWidth>
<sourceLabel class="oracle.dbtools.crest.model.design.Label">
<site>0</site>
<labelBounds x="859" y="238" width="39" height="30"/>
<noBackgroundColor>true</noBackgroundColor>
<noForegroundColor>true</noForegroundColor>
</sourceLabel>
<targetLabel class="oracle.dbtools.crest.model.design.Label">
<site>2</site>
<labelBounds x="400" y="271" width="63" height="30"/>
<noBackgroundColor>true</noBackgroundColor>
<noForegroundColor>true</noForegroundColor>
</targetLabel>
<points>
<point x="904" y="268"/>
<point x="390" y="268"/>
</points>
</Connector>
<Connector class="oracle.dbtools.crest.swingui.logical.TVRelation" oid="A59A3023-8FCF-327A-D68E-CCDDDA02860E" otype="Relation" vid_source="8912DC71-64F8-4BC0-70A0-79EFC1C30899" vid_target="DF018A24-7F17-8526-AE5D-D35595CA6399">
<hideElementsInCurrentOnly>false</hideElementsInCurrentOnly>
<backgroundColor>-16777216</backgroundColor>
<lineWidth>1</lineWidth>
<sourceLabel class="oracle.dbtools.crest.model.design.Label">
<site>0</site>
<labelBounds x="236" y="43" width="51" height="30"/>
<noBackgroundColor>true</noBackgroundColor>
<noForegroundColor>true</noForegroundColor>
</sourceLabel>
<targetLabel class="oracle.dbtools.crest.model.design.Label">
<site>2</site>
<labelBounds x="328" y="76" width="39" height="30"/>
<noBackgroundColor>true</noBackgroundColor>
<noForegroundColor>true</noForegroundColor>
</targetLabel>
<points>
<point x="226" y="73"/>
<point x="373" y="73"/>
</points>
</Connector>
<Connector class="oracle.dbtools.crest.swingui.logical.TVRelation" oid="B416F2C4-DF3E-7206-6048-AD4E00649B86" otype="Relation" vid_source="C93649E1-4FB7-A997-9D07-BA61B2C44FF4" vid_target="8912DC71-64F8-4BC0-70A0-79EFC1C30899">
<hideElementsInCurrentOnly>false</hideElementsInCurrentOnly>
<backgroundColor>-16777216</backgroundColor>
<lineWidth>1</lineWidth>
<points>
<point x="281" y="251"/>
<point x="193" y="121"/>
</points>
</Connector>
<Connector class="oracle.dbtools.crest.swingui.logical.TVRelation" oid="D0AF0AD1-DF5B-FE46-A936-FD373D763697" otype="Relation" vid_source="749DE45B-1A56-BA66-BFA9-0CE49F0D7DF0" vid_target="E7C2B7E4-227E-8A41-7039-D4F120404CA6">
<hideElementsInCurrentOnly>false</hideElementsInCurrentOnly>
<backgroundColor>-16777216</backgroundColor>
<lineWidth>1</lineWidth>
<sourceLabel class="oracle.dbtools.crest.model.design.Label">
<site>0</site>
<labelBounds x="997" y="56" width="39" height="30"/>
<noBackgroundColor>true</noBackgroundColor>
<noForegroundColor>true</noForegroundColor>
</sourceLabel>
<targetLabel class="oracle.dbtools.crest.model.design.Label">
<site>2</site>
<labelBounds x="925" y="89" width="49" height="30"/>
<noBackgroundColor>true</noBackgroundColor>
<noForegroundColor>true</noForegroundColor>
</targetLabel>
<points>
<point x="1042" y="86"/>
<point x="915" y="86"/>
</points>
</Connector>
</connectors>
<arcs>
<Arc class="oracle.dbtools.crest.swingui.logical.TVArc" oid="73D93CCD-8A6A-9C62-A95A-B5A10A89BA2A" otype="Arc" vid="ED45F376-9981-63D1-0733-0A0D4F201A6C">
<hideElementsInCurrentOnly>false</hideElementsInCurrentOnly>
<bounds x="353" y="5" width="249" height="159"/>
</Arc>
</arcs>
</Diagram>