<?xml version = '1.0' encoding = 'UTF-8'?>
<Relation class="oracle.dbtools.crest.model.design.logical.Relation" name="Relation_8" directorySegmentName="seg_0" id="13DA6C8B-C4F8-D4A2-D9D4-EF32B7D47736">
<createdBy>alexa</createdBy>
<createdTime>2025-08-15 23:07:59 UTC</createdTime>
<ownerDesignName>BASE_DATOS</ownerDesignName>
<engineerTo>
<item key="CCA1EC1F-44EB-4C29-DA17-B1BC9EBEE404" value="true"/>
</engineerTo>
<identifying>false</identifying>
<nameOnSource>Tiene</nameOnSource>
<nameOnTarget>Tiene</nameOnTarget>
<optionalSource>true</optionalSource>
<optionalTarget>false</optionalTarget>
<sourceCardinality>*</sourceCardinality>
<sourceEntity>5C754DBA-8F50-9E9C-B4F0-6249305CBCC6</sourceEntity>
<targetCardinalityString>*</targetCardinalityString>
<targetEntity>5AE5EBB2-DEAD-E3AA-3A21-B01160D7A810</targetEntity>
<transferable>true</transferable>
<deleteRule>NO ACTION</deleteRule>
</Relation>