<?xml version = '1.0' encoding = 'UTF-8'?>
<Relation class="oracle.dbtools.crest.model.design.logical.Relation" name="Relation_6" directorySegmentName="seg_0" id="31A11CA4-7CB6-7586-0295-A66666F0A4C2">
<createdBy>alexa</createdBy>
<createdTime>2025-08-15 23:03:00 UTC</createdTime>
<ownerDesignName>BASE_DATOS</ownerDesignName>
<engineerTo>
<item key="CCA1EC1F-44EB-4C29-DA17-B1BC9EBEE404" value="true"/>
</engineerTo>
<sourcePk>E80E3EFA-B9C1-9D7F-DB1C-F7EA27444AAD</sourcePk>
<identifying>false</identifying>
<nameOnSource>Atiende</nameOnSource>
<nameOnTarget>Atendido</nameOnTarget>
<optionalSource>true</optionalSource>
<optionalTarget>false</optionalTarget>
<sourceCardinality>1</sourceCardinality>
<sourceEntity>5B22665C-C577-B757-5FBA-F47F5662FA24</sourceEntity>
<targetCardinalityString>*</targetCardinalityString>
<targetEntity>5C754DBA-8F50-9E9C-B4F0-6249305CBCC6</targetEntity>
<transferable>true</transferable>
<deleteRule>NO ACTION</deleteRule>
</Relation>