<?xml version = '1.0' encoding = 'UTF-8'?>
<Relation class="oracle.dbtools.crest.model.design.logical.Relation" name="Relation_2" directorySegmentName="seg_0" id="33AEB747-8121-48FE-650D-D7053A6AE89D">
<createdBy>alexa</createdBy>
<createdTime>2025-08-15 22:51:10 UTC</createdTime>
<ownerDesignName>BASE_DATOS</ownerDesignName>
<engineerTo>
<item key="CCA1EC1F-44EB-4C29-DA17-B1BC9EBEE404" value="true"/>
</engineerTo>
<sourcePk>5D08B13C-8015-EBBD-2E9A-2DAB191DF477</sourcePk>
<identifying>false</identifying>
<nameOnSource>Posee 450</nameOnSource>
<nameOnTarget>Pertenece</nameOnTarget>
<optionalSource>true</optionalSource>
<optionalTarget>false</optionalTarget>
<sourceCardinality>1</sourceCardinality>
<sourceEntity>55218789-4278-0762-CAE0-147EF9542B5B</sourceEntity>
<targetCardinalityString>*</targetCardinalityString>
<targetEntity>5B22665C-C577-B757-5FBA-F47F5662FA24</targetEntity>
<transferable>true</transferable>
<deleteRule>NO ACTION</deleteRule>
</Relation>