<?xml version = '1.0' encoding = 'UTF-8'?>
<Relation class="oracle.dbtools.crest.model.design.logical.Relation" name="Relation_2" directorySegmentName="seg_0" id="06CEE784-B30C-6124-4B64-FA7D4AB9B9C5">
<createdBy>alexa</createdBy>
<createdTime>2025-09-14 17:33:18 UTC</createdTime>
<ownerDesignName>Gestion_Inventario</ownerDesignName>
<engineerTo>
<item key="390ED41D-D893-04B2-F921-1E8F740A738B" value="true"/>
</engineerTo>
<sourcePk>9F0C1485-F8A3-A2E0-D2B6-B191821EA46D</sourcePk>
<identifying>true</identifying>
<nameOnSource>afilia</nameOnSource>
<nameOnTarget>afiliado a</nameOnTarget>
<optionalSource>true</optionalSource>
<optionalTarget>false</optionalTarget>
<sourceCardinality>1</sourceCardinality>
<sourceEntity>7C924EAF-E09B-33B6-BD19-204C918FA019</sourceEntity>
<targetCardinalityString>*</targetCardinalityString>
<targetEntity>270E471F-B109-DB18-9F0A-46D9BED79704</targetEntity>
<transferable>true</transferable>
<deleteRule>NO ACTION</deleteRule>
</Relation>