<?xml version = '1.0' encoding = 'UTF-8'?>
<Relation class="oracle.dbtools.crest.model.design.logical.Relation" name="Relation_9" directorySegmentName="seg_0" id="0E899F97-8D8E-150A-8E07-D627BB5A74C2">
<createdBy>alexa</createdBy>
<createdTime>2025-09-14 17:43:35 UTC</createdTime>
<ownerDesignName>Gestion_Inventario</ownerDesignName>
<engineerTo>
<item key="390ED41D-D893-04B2-F921-1E8F740A738B" value="true"/>
</engineerTo>
<sourcePk>852FDF63-053A-89D1-3724-8D905166EE5B</sourcePk>
<targetPk>5C1D1601-10A2-5614-98E1-2635A6DE129C</targetPk>
<identifying>false</identifying>
<optionalSource>false</optionalSource>
<optionalTarget>false</optionalTarget>
<sourceCardinality>1</sourceCardinality>
<sourceEntity>0A4A6CE8-7651-3489-13BB-C2ECFE945A60</sourceEntity>
<targetCardinalityString>1</targetCardinalityString>
<targetEntity>BF6C9A45-442C-55FD-5D93-97CC02AD979A</targetEntity>
<transferable>true</transferable>
<deleteRule>NO ACTION</deleteRule>
</Relation>