<?xml version = '1.0' encoding = 'UTF-8'?>
<Relation class="oracle.dbtools.crest.model.design.logical.Relation" name="Relation_11" directorySegmentName="seg_0" id="46659A5B-C62E-7391-0503-6587C33E0326">
<createdBy>alexa</createdBy>
<createdTime>2025-09-14 17:48:49 UTC</createdTime>
<ownerDesignName>Gestion_Inventario</ownerDesignName>
<engineerTo>
<item key="390ED41D-D893-04B2-F921-1E8F740A738B" value="true"/>
</engineerTo>
<sourcePk>4CDCB4CE-856B-6E8E-C2F2-F0F26C6C13A3</sourcePk>
<identifying>true</identifying>
<nameOnSource>tiene</nameOnSource>
<nameOnTarget>tiene</nameOnTarget>
<optionalSource>true</optionalSource>
<optionalTarget>false</optionalTarget>
<sourceCardinality>1</sourceCardinality>
<sourceEntity>D62F8E4A-CE6D-6521-4810-B7E6F917112C</sourceEntity>
<targetCardinalityString>*</targetCardinalityString>
<targetEntity>270E471F-B109-DB18-9F0A-46D9BED79704</targetEntity>
<transferable>true</transferable>
<deleteRule>NO ACTION</deleteRule>
</Relation>