<?xml version = '1.0' encoding = 'UTF-8'?>
<Relation class="oracle.dbtools.crest.model.design.logical.Relation" name="Relation_7" directorySegmentName="seg_0" id="6A1315AF-CBD5-46F7-9BBB-1F402C6E719D">
<createdBy>alexa</createdBy>
<createdTime>2025-09-14 17:40:24 UTC</createdTime>
<ownerDesignName>Gestion_Inventario</ownerDesignName>
<engineerTo>
<item key="390ED41D-D893-04B2-F921-1E8F740A738B" value="true"/>
</engineerTo>
<sourcePk>0C3FFC8A-0FEA-9B4B-2E77-0D2409161CD3</sourcePk>
<identifying>false</identifying>
<nameOnSource>tiene </nameOnSource>
<nameOnTarget>vive</nameOnTarget>
<optionalSource>true</optionalSource>
<optionalTarget>false</optionalTarget>
<sourceCardinality>1</sourceCardinality>
<sourceEntity>A743E8A8-E1E5-78D4-ACD3-66E3F5E2A924</sourceEntity>
<targetCardinalityString>*</targetCardinalityString>
<targetEntity>8817F74A-33DC-D1FF-4C77-CA41B76A0F29</targetEntity>
<transferable>true</transferable>
<deleteRule>NO ACTION</deleteRule>
</Relation>