<?xml version = '1.0' encoding = 'UTF-8'?>
<Relation class="oracle.dbtools.crest.model.design.logical.Relation" name="Relation_1" directorySegmentName="seg_0" id="955C9BC8-A76C-DD0A-CEAA-AC94D06235C3">
<createdBy>alexa</createdBy>
<createdTime>2025-09-14 17:32:52 UTC</createdTime>
<ownerDesignName>Gestion_Inventario</ownerDesignName>
<engineerTo>
<item key="390ED41D-D893-04B2-F921-1E8F740A738B" value="true"/>
</engineerTo>
<sourcePk>D1173614-8E15-2AE6-238C-85045658D467</sourcePk>
<identifying>false</identifying>
<nameOnSource>afilia</nameOnSource>
<nameOnTarget>afiliado a </nameOnTarget>
<optionalSource>true</optionalSource>
<optionalTarget>false</optionalTarget>
<sourceCardinality>1</sourceCardinality>
<sourceEntity>9E7CF76B-1F18-14EC-61D0-4724E48DC268</sourceEntity>
<targetCardinalityString>*</targetCardinalityString>
<targetEntity>270E471F-B109-DB18-9F0A-46D9BED79704</targetEntity>
<transferable>true</transferable>
<deleteRule>NO ACTION</deleteRule>
</Relation>