<?xml version = '1.0' encoding = 'UTF-8'?>
<Relation class="oracle.dbtools.crest.model.design.logical.Relation" name="Relation_6" directorySegmentName="seg_0" id="A59A3023-8FCF-327A-D68E-CCDDDA02860E">
<createdBy>alexa</createdBy>
<createdTime>2025-09-14 17:38:38 UTC</createdTime>
<ownerDesignName>Gestion_Inventario</ownerDesignName>
<engineerTo>
<item key="390ED41D-D893-04B2-F921-1E8F740A738B" value="true"/>
</engineerTo>
<sourcePk>5C1D1601-10A2-5614-98E1-2635A6DE129C</sourcePk>
<targetPk>DDCD238F-25A7-AC9E-CA5B-9BA2302EA9B1</targetPk>
<identifying>false</identifying>
<nameOnSource>pagada</nameOnSource>
<nameOnTarget>paga</nameOnTarget>
<optionalSource>false</optionalSource>
<optionalTarget>true</optionalTarget>
<sourceCardinality>*</sourceCardinality>
<sourceEntity>BF6C9A45-442C-55FD-5D93-97CC02AD979A</sourceEntity>
<targetCardinalityString>1</targetCardinalityString>
<targetEntity>8817F74A-33DC-D1FF-4C77-CA41B76A0F29</targetEntity>
<transferable>true</transferable>
<deleteRule>NO ACTION</deleteRule>
</Relation>