<?xml version = '1.0' encoding = 'UTF-8'?>
<Relation class="oracle.dbtools.crest.model.design.logical.Relation" name="Relation_5" directorySegmentName="seg_0" id="B416F2C4-DF3E-7206-6048-AD4E00649B86">
<createdBy>alexa</createdBy>
<createdTime>2025-09-14 17:37:37 UTC</createdTime>
<ownerDesignName>Gestion_Inventario</ownerDesignName>
<engineerTo>
<item key="390ED41D-D893-04B2-F921-1E8F740A738B" value="true"/>
</engineerTo>
<sourcePk>918DC90B-82FC-ADAB-E137-9F05E3C05A71</sourcePk>
<identifying>false</identifying>
<nameOnSource>tiene</nameOnSource>
<optionalSource>true</optionalSource>
<optionalTarget>false</optionalTarget>
<sourceCardinality>1</sourceCardinality>
<sourceEntity>270E471F-B109-DB18-9F0A-46D9BED79704</sourceEntity>
<targetCardinalityString>*</targetCardinalityString>
<targetEntity>BF6C9A45-442C-55FD-5D93-97CC02AD979A</targetEntity>
<transferable>true</transferable>
<deleteRule>NO ACTION</deleteRule>
</Relation>