<?xml version = '1.0' encoding = 'UTF-8'?>
<Relation class="oracle.dbtools.crest.model.design.logical.Relation" name="Relation_8" directorySegmentName="seg_0" id="D0AF0AD1-DF5B-FE46-A936-FD373D763697">
<createdBy>alexa</createdBy>
<createdTime>2025-09-14 17:41:17 UTC</createdTime>
<ownerDesignName>Gestion_Inventario</ownerDesignName>
<engineerTo>
<item key="390ED41D-D893-04B2-F921-1E8F740A738B" value="true"/>
</engineerTo>
<sourcePk>C4A9D5A7-D015-0C9B-520C-80547E9A5B64</sourcePk>
<identifying>false</identifying>
<nameOnSource>tiene</nameOnSource>
<nameOnTarget>esta en</nameOnTarget>
<optionalSource>true</optionalSource>
<optionalTarget>false</optionalTarget>
<sourceCardinality>1</sourceCardinality>
<sourceEntity>509D0131-395C-35C4-8AD9-0AF6BC174E1C</sourceEntity>
<targetCardinalityString>*</targetCardinalityString>
<targetEntity>A743E8A8-E1E5-78D4-ACD3-66E3F5E2A924</targetEntity>
<transferable>true</transferable>
<deleteRule>NO ACTION</deleteRule>
</Relation>