<?xml version = '1.0' encoding = 'UTF-8'?>
<Arc class="oracle.dbtools.crest.model.design.logical.Arc" directorySegmentName="seg_0" id="694B714C-2DDD-E1A8-150B-0E6CA149670D" name="Arc_2">
<createdBy>alexa</createdBy>
<createdTime>2025-08-30 04:48:20 UTC</createdTime>
<ownerDesignName>Residencias_VivirMejor</ownerDesignName>
<engineerTo>
<item key="0B8FA52E-632E-6058-641F-78150DD3745A" value="true"/>
</engineerTo>
<entity>CFFA1535-A9C0-C57B-F3A4-23753D423738</entity>
<relations>
<relationID>CF2BA7FE-B118-9FBC-AE0F-0FB2246AABE5</relationID>
<relationID>66CEB6B9-C5BF-4464-2AB6-ED78E319C942</relationID>
</relations>
</Arc>