<?xml version = '1.0' encoding = 'UTF-8'?>
<Arc class="oracle.dbtools.crest.model.design.logical.Arc" directorySegmentName="seg_0" id="ECFBCFF3-3A52-DF3E-07B1-CEB6CC4A66CC" name="Arc_1">
<createdBy>alexa</createdBy>
<createdTime>2025-08-30 02:15:27 UTC</createdTime>
<ownerDesignName>Residencias_VivirMejor</ownerDesignName>
<engineerTo>
<item key="0B8FA52E-632E-6058-641F-78150DD3745A" value="true"/>
</engineerTo>
<entity>A8F5CDCE-9F65-C9F2-549C-2FF7A1BB77E6</entity>
<relations>
<relationID>054F1F8B-C0F1-E0AE-2E3D-5CF0883AC1D0</relationID>
<relationID>18CFC38E-B7F4-6A44-9122-E17DD859445E</relationID>
</relations>
</Arc>