<?xml version = '1.0' encoding = 'UTF-8'?>
<Arc class="oracle.dbtools.crest.model.design.logical.Arc" directorySegmentName="seg_0" id="73D93CCD-8A6A-9C62-A95A-B5A10A89BA2A" name="Arc_1">
<createdBy>alexa</createdBy>
<createdTime>2025-09-15 21:13:04 UTC</createdTime>
<ownerDesignName>Gestion_Inventario</ownerDesignName>
<engineerTo>
<item key="390ED41D-D893-04B2-F921-1E8F740A738B" value="true"/>
</engineerTo>
<entity>8817F74A-33DC-D1FF-4C77-CA41B76A0F29</entity>
<relations>
<relationID>782972DA-1A45-246D-C361-FCD078B32B8F</relationID>
<relationID>13DE9058-13D7-3729-5218-E0D3859DFA18</relationID>
</relations>
</Arc>